/**
 * Elite - The New Kind.
 *
 * N64 port: Auto-generated sprite data.
 * Generated by tools/convert_assets.py - do not edit by hand.
 */

#include <stdint.h>

#define N64_NUM_SPRITE_SLOTS 14

/* [0] blake.sprite (98x130) */
static const uint8_t blake_pixels[] = {
	0x00, 0x00, 0x00, 0x00, 0x00, 0x00, 0x00, 0x00, 0x00, 0x00, 0x00, 0x00, 0x00, 0x00, 0x00, 0x00,
	0x00, 0x00, 0x00, 0x00, 0x00, 0x00, 0x00, 0x00, 0x00, 0x00, 0x00, 0x00, 0x00, 0x00, 0x00, 0x00,
	0x00, 0x00, 0x00, 0x00, 0x00, 0x00, 0x00, 0x00, 0x00, 0x00, 0x00, 0x00, 0x00, 0x00, 0x00, 0x00,
	0x00, 0x00, 0x00, 0x00, 0x00, 0x00, 0x00, 0x00, 0x00, 0x00, 0x00, 0x00, 0x00, 0x00, 0x00, 0x00,
	0x00, 0x00, 0x00, 0x00, 0x00, 0x00, 0x00, 0x00, 0x00, 0x00, 0x00, 0x00, 0x00, 0x00, 0x00, 0x00,
	0x00, 0x00, 0x00, 0x00, 0x00, 0x00, 0x00, 0x00, 0x00, 0x00, 0x00, 0x00, 0x00, 0x00, 0x00, 0x00,
	0x00, 0x00, 0x00, 0x00, 0x00, 0x00, 0x00, 0x00, 0x00, 0x00, 0x00, 0x00, 0x00, 0x00, 0x00, 0x00,
	0x00, 0x00, 0x00, 0x00, 0x00, 0x00, 0x00, 0x00, 0x00, 0x00, 0x00, 0x00, 0x00, 0x00, 0x00, 0x00,
	0x00, 0x00, 0x00, 0x00, 0x00, 0x00, 0x00, 0x00, 0x00, 0x00, 0x00, 0x00, 0x00, 0x00, 0x00, 0x00,
	0x00, 0x00, 0x00, 0x00, 0x00, 0x00, 0x00, 0x00, 0x00, 0x00, 0x00, 0x00, 0x00, 0x00, 0x00, 0x00,
	0x00, 0x00, 0x00, 0x00, 0x00, 0x00, 0x00, 0x00, 0x00, 0x00, 0x00, 0x00, 0x00, 0x00, 0x00, 0x00,
	0x00, 0x00, 0x00, 0x00, 0x00, 0x00, 0x00, 0x00, 0x00, 0x00, 0x00, 0x00, 0x00, 0x00, 0x00, 0x00,
	0x00, 0x00, 0x00, 0x00, 0x00, 0x00, 0x00, 0x00, 0x00, 0x00, 0x00, 0x00, 0x00, 0x00, 0x00, 0x00,
	0x00, 0x00, 0x00, 0x00, 0x00, 0x00, 0x00, 0x00, 0x00, 0x00, 0x00, 0x00, 0x00, 0x00, 0x00, 0x00,
	0x00, 0x00, 0x00, 0x00, 0x00, 0x00, 0x00, 0x00, 0x00, 0x00, 0x00, 0x00, 0x00, 0x00, 0x00, 0x00,
	0x00, 0x00, 0x00, 0x00, 0x00, 0x00, 0x00, 0x00, 0x00, 0x00, 0x00, 0x00, 0x00, 0x00, 0x00, 0x00,
	0x00, 0x00, 0x00, 0x00, 0x00, 0x00, 0x00, 0x00, 0x00, 0x00, 0x00, 0x00, 0x00, 0x00, 0x00, 0x00,
	0x00, 0x00, 0x00, 0x00, 0x00, 0x00, 0x00, 0x00, 0x00, 0x00, 0x00, 0x00, 0x00, 0x00, 0x00, 0x00,
	0x00, 0x00, 0x00, 0x00, 0x00, 0x00, 0x00, 0x00, 0x00, 0x00, 0x00, 0x00, 0x00, 0x00, 0x00, 0x00,
	0x00, 0x00, 0x00, 0x00, 0x00, 0x00, 0x00, 0x00, 0x00, 0x00, 0x00, 0x00, 0x00, 0x00, 0x00, 0x00,
	0x00, 0x00, 0x00, 0x00, 0x00, 0x00, 0x00, 0x00, 0x00, 0x00, 0x00, 0x00, 0x00, 0x00, 0x00, 0x00,
	0x00, 0x00, 0x00, 0x00, 0x00, 0x00, 0x00, 0x00, 0x00, 0x00, 0x00, 0x00, 0x00, 0x00, 0x00, 0x00,
	0x00, 0x00, 0x00, 0x00, 0x00, 0x00, 0x00, 0x00, 0x00, 0x00, 0x00, 0x00, 0x00, 0x00, 0x00, 0x00,
	0x00, 0x00, 0x00, 0x00, 0x00, 0x00, 0x00, 0x00, 0x00, 0x00, 0x00, 0x00, 0x00, 0x00, 0x00, 0x00,
	0x00, 0x00, 0x00, 0x00, 0x00, 0x00, 0x00, 0x00, 0x00, 0x00, 0x00, 0x00, 0x00, 0x00, 0x00, 0x00,
	0x00, 0x00, 0x00, 0x00, 0x00, 0x00, 0x00, 0x00, 0x00, 0x00, 0x00, 0x00, 0x00, 0x00, 0x00, 0x00,
	0x00, 0x00, 0x00, 0x00, 0x00, 0x00, 0x00, 0x00, 0x00, 0x00, 0x00, 0x00, 0x00, 0x00, 0x00, 0x00,
	0x00, 0x00, 0x00, 0x00, 0x00, 0x00, 0x00, 0x00, 0x00, 0x00, 0x00, 0x00, 0x00, 0x00, 0x00, 0x00,
	0x00, 0x00, 0x00, 0x00, 0x00, 0x00, 0x00, 0x00, 0x00, 0x00, 0x00, 0x00, 0x00, 0x00, 0x00, 0x00,
	0x00, 0x00, 0x00, 0x00, 0x00, 0x00, 0x00, 0x00, 0x00, 0x00, 0x00, 0x00, 0x00, 0x00, 0x00, 0x00,
	0x00, 0x00, 0x00, 0x00, 0x00, 0x00, 0x00, 0x00, 0x00, 0x00, 0x00, 0x00, 0x00, 0x00, 0x00, 0x00,
	0x00, 0x00, 0x00, 0x00, 0x00, 0x00, 0x00, 0x00, 0x00, 0x00, 0x00, 0x00, 0x00, 0x00, 0x00, 0x00,
	0x00, 0x00, 0x00, 0x00, 0x00, 0x00, 0x00, 0x00, 0x00, 0x00, 0x00, 0x00, 0x00, 0x00, 0x00, 0x00,
	0x00, 0x00, 0x00, 0x00, 0x00, 0x00, 0x00, 0x00, 0x00, 0x00, 0x00, 0x00, 0x00, 0x00, 0x00, 0x00,
	0x00, 0x00, 0x00, 0x00, 0x00, 0x00, 0x00, 0x00, 0x00, 0x00, 0x00, 0x00, 0x00, 0x00, 0x00, 0x00,
	0x00, 0x00, 0x00, 0x00, 0x00, 0x00, 0x00, 0x00, 0x00, 0x00, 0x00, 0x00, 0x00, 0x00, 0x00, 0x00,
	0x00, 0x00, 0x00, 0x00, 0x00, 0x00, 0x00, 0x00, 0x00, 0x00, 0x00, 0x00, 0x00, 0x00, 0x00, 0x00,
	0x00, 0x00, 0x00, 0x00, 0x00, 0x00, 0x00, 0x00, 0x00, 0x00, 0x00, 0x00, 0x00, 0x00, 0x00, 0x00,
	0x00, 0x00, 0x00, 0x00, 0x00, 0x00, 0x00, 0x00, 0x00, 0x00, 0x00, 0x00, 0x00, 0x00, 0x00, 0x00,
	0x00, 0x00, 0x00, 0x00, 0x00, 0x00, 0x00, 0x00, 0x00, 0x00, 0x0C, 0x0C, 0xEC, 0xEC, 0x00, 0x00,
	0x22, 0x22, 0xEC, 0xEC, 0x00, 0x00, 0x00, 0x00, 0x00, 0x00, 0x00, 0x00, 0x00, 0x00, 0x00, 0x00,
	0x00, 0x00, 0x00, 0x00, 0x00, 0x00, 0x00, 0x00, 0x00, 0x00, 0x00, 0x00, 0x00, 0x00, 0x00, 0x00,
	0x00, 0x00, 0x00, 0x00, 0x00, 0x00, 0x00, 0x00, 0x00, 0x00, 0x00, 0x00, 0x00, 0x00, 0x00, 0x00,
	0x00, 0x00, 0x00, 0x00, 0x00, 0x00, 0x00, 0x00, 0x00, 0x00, 0x00, 0x00, 0x00, 0x00, 0x00, 0x00,
	0x00, 0x00, 0x00, 0x00, 0x00, 0x00, 0x00, 0x00, 0x00, 0x00, 0x00, 0x00, 0x00, 0x00, 0x00, 0x00,
	0x00, 0x00, 0x00, 0x00, 0x00, 0x00, 0x00, 0x00, 0x00, 0x00, 0x00, 0x00, 0x0C, 0x0C, 0xEC, 0xEC,
	0x00, 0x00, 0x22, 0x22, 0xEC, 0xEC, 0x00, 0x00, 0x00, 0x00, 0x00, 0x00, 0x00, 0x00, 0x00, 0x00,
	0x00, 0x00, 0x00, 0x00, 0x00, 0x00, 0x00, 0x00, 0x00, 0x00, 0x00, 0x00, 0x00, 0x00, 0x00, 0x00,
	0x00, 0x00, 0x00, 0x00, 0x00, 0x00, 0x00, 0x00, 0x00, 0x00, 0x00, 0x00, 0x00, 0x00, 0x00, 0x00,
	0x00, 0x00, 0x00, 0x00, 0x00, 0x00, 0x00, 0x00, 0x00, 0x00, 0x00, 0x00, 0x00, 0x00, 0x00, 0x00,
	0x00, 0x00, 0x00, 0x00, 0x00, 0x00, 0x00, 0x00, 0x00, 0x00, 0x00, 0x00, 0x00, 0x00, 0x00, 0x00,
	0x22, 0x22, 0xEC, 0xEC, 0x0C, 0x0C, 0xEC, 0xEC, 0x0C, 0x0C, 0xEC, 0xEC, 0x22, 0x22, 0x0C, 0x0C,
	0x0C, 0x0C, 0xEC, 0xEC, 0xFF, 0xFF, 0xEC, 0xEC, 0x0C, 0x0C, 0x0C, 0x0C, 0xEC, 0xEC, 0x00, 0x00,
	0x00, 0x00, 0x00, 0x00, 0x00, 0x00, 0x00, 0x00, 0x00, 0x00, 0x00, 0x00, 0x00, 0x00, 0x00, 0x00,
	0x00, 0x00, 0x00, 0x00, 0x00, 0x00, 0x00, 0x00, 0x00, 0x00, 0x00, 0x00, 0x00, 0x00, 0x00, 0x00,
	0x00, 0x00, 0x00, 0x00, 0x00, 0x00, 0x00, 0x00, 0x00, 0x00, 0x00, 0x00, 0x00, 0x00, 0x00, 0x00,
	0x00, 0x00, 0x00, 0x00, 0x00, 0x00, 0x00, 0x00, 0x00, 0x00, 0x00, 0x00, 0x00, 0x00, 0x00, 0x00,
	0x00, 0x00, 0x22, 0x22, 0xEC, 0xEC, 0x0C, 0x0C, 0xEC, 0xEC, 0x0C, 0x0C, 0xEC, 0xEC, 0x22, 0x22,
	0x0C, 0x0C, 0x0C, 0x0C, 0xEC, 0xEC, 0xFF, 0xFF, 0xEC, 0xEC, 0x0C, 0x0C, 0x0C, 0x0C, 0xEC, 0xEC,
	0x00, 0x00, 0x00, 0x00, 0x00, 0x00, 0x00, 0x00, 0x00, 0x00, 0x00, 0x00, 0x00, 0x00, 0x00, 0x00,
	0x00, 0x00, 0x00, 0x00, 0x00, 0x00, 0x00, 0x00, 0x00, 0x00, 0x00, 0x00, 0x00, 0x00, 0x00, 0x00,
	0x00, 0x00, 0x00, 0x00, 0x00, 0x00, 0x00, 0x00, 0x00, 0x00, 0x00, 0x00, 0x00, 0x00, 0x00, 0x00,
	0x00, 0x00, 0x00, 0x00, 0x00, 0x00, 0x00, 0x00, 0x00, 0x00, 0x00, 0x00, 0x00, 0x00, 0x00, 0x00,
	0x00, 0x00, 0x0C, 0x0C, 0xEC, 0xEC, 0xEC, 0xEC, 0x22, 0x22, 0xEC, 0xEC, 0xEC, 0xEC, 0x22, 0x22,
	0xFF, 0xFF, 0x22, 0x22, 0xEC, 0xEC, 0xEC, 0xEC, 0xEC, 0xEC, 0xEC, 0xEC, 0xEC, 0xEC, 0x0C, 0x0C,
	0xEC, 0xEC, 0x22, 0x22, 0x22, 0x22, 0x00, 0x00, 0x00, 0x00, 0x00, 0x00, 0x00, 0x00, 0x00, 0x00,
	0x00, 0x00, 0x00, 0x00, 0x00, 0x00, 0x00, 0x00, 0x00, 0x00, 0x00, 0x00, 0x00, 0x00, 0x00, 0x00,
	0x00, 0x00, 0x00, 0x00, 0x00, 0x00, 0x00, 0x00, 0x00, 0x00, 0x00, 0x00, 0x00, 0x00, 0x00, 0x00,
	0x00, 0x00, 0x00, 0x00, 0x00, 0x00, 0x00, 0x00, 0x00, 0x00, 0x00, 0x00, 0x00, 0x00, 0x00, 0x00,
	0x00, 0x00, 0x00, 0x00, 0x0C, 0x0C, 0xEC, 0xEC, 0xEC, 0xEC, 0x22, 0x22, 0xEC, 0xEC, 0xEC, 0xEC,
	0x22, 0x22, 0xFF, 0xFF, 0x22, 0x22, 0xEC, 0xEC, 0xEC, 0xEC, 0xEC, 0xEC, 0xEC, 0xEC, 0xEC, 0xEC,
	0x0C, 0x0C, 0xEC, 0xEC, 0x22, 0x22, 0x22, 0x22, 0x00, 0x00, 0x00, 0x00, 0x00, 0x00, 0x00, 0x00,
	0x00, 0x00, 0x00, 0x00, 0x00, 0x00, 0x00, 0x00, 0x00, 0x00, 0x00, 0x00, 0x00, 0x00, 0x00, 0x00,
	0x00, 0x00, 0x00, 0x00, 0x00, 0x00, 0x00, 0x00, 0x00, 0x00, 0x00, 0x00, 0x00, 0x00, 0x00, 0x00,
	0x00, 0x00, 0x00, 0x00, 0x00, 0x00, 0x00, 0x00, 0x00, 0x00, 0x00, 0x00, 0x00, 0x00, 0x00, 0x00,
	0x00, 0x00, 0x0C, 0x0C, 0xEC, 0xEC, 0xEC, 0xEC, 0xEC, 0xEC, 0xEC, 0xEC, 0xEC, 0xEC, 0xFF, 0xFF,
	0x22, 0x22, 0xEC, 0xEC, 0xEC, 0xEC, 0xFF, 0xFF, 0x22, 0x22, 0xFF, 0xFF, 0x22, 0x22, 0xEC, 0xEC,
	0xEC, 0xEC, 0xFF, 0xFF, 0xEC, 0xEC, 0xEC, 0xEC, 0x0C, 0x0C, 0x0C, 0x0C, 0x00, 0x00, 0x00, 0x00,
	0x00, 0x00, 0x00, 0x00, 0x00, 0x00, 0x00, 0x00, 0x00, 0x00, 0x00, 0x00, 0x00, 0x00, 0x00, 0x00,
	0x00, 0x00, 0x00, 0x00, 0x00, 0x00, 0x00, 0x00, 0x00, 0x00, 0x00, 0x00, 0x00, 0x00, 0x00, 0x00,
	0x00, 0x00, 0x00, 0x00, 0x00, 0x00, 0x00, 0x00, 0x00, 0x00, 0x00, 0x00, 0x00, 0x00, 0x00, 0x00,
	0x00, 0x00, 0x00, 0x00, 0x0C, 0x0C, 0xEC, 0xEC, 0xEC, 0xEC, 0xEC, 0xEC, 0xEC, 0xEC, 0xEC, 0xEC,
	0xFF, 0xFF, 0x22, 0x22, 0xEC, 0xEC, 0xEC, 0xEC, 0xFF, 0xFF, 0x22, 0x22, 0xFF, 0xFF, 0x22, 0x22,
	0xEC, 0xEC, 0xEC, 0xEC, 0xFF, 0xFF, 0xEC, 0xEC, 0xEC, 0xEC, 0x0C, 0x0C, 0x0C, 0x0C, 0x00, 0x00,
	0x00, 0x00, 0x00, 0x00, 0x00, 0x00, 0x00, 0x00, 0x00, 0x00, 0x00, 0x00, 0x00, 0x00, 0x00, 0x00,
	0x00, 0x00, 0x00, 0x00, 0x00, 0x00, 0x00, 0x00, 0x00, 0x00, 0x00, 0x00, 0x00, 0x00, 0x00, 0x00,
	0x00, 0x00, 0x00, 0x00, 0x00, 0x00, 0x00, 0x00, 0x00, 0x00, 0x00, 0x00, 0x00, 0x00, 0x00, 0x00,
	0x00, 0x00, 0x00, 0x00, 0x22, 0x22, 0xEC, 0xEC, 0x0C, 0x0C, 0x0C, 0x0C, 0x22, 0x22, 0x0C, 0x0C,
	0xEC, 0xEC, 0x22, 0x22, 0xEC, 0xEC, 0xEC, 0xEC, 0x22, 0x22, 0x22, 0x22, 0xEC, 0xEC, 0x22, 0x22,
	0xEC, 0xEC, 0x0C, 0x0C, 0x22, 0x22, 0x0C, 0x0C, 0xEC, 0xEC, 0x0C, 0x0C, 0xEC, 0xEC, 0x22, 0x22,
	0x22, 0x22, 0x00, 0x00, 0x00, 0x00, 0x00, 0x00, 0x00, 0x00, 0x00, 0x00, 0x00, 0x00, 0x00, 0x00,
	0x00, 0x00, 0x00, 0x00, 0x00, 0x00, 0x00, 0x00, 0x00, 0x00, 0x00, 0x00, 0x00, 0x00, 0x00, 0x00,
	0x00, 0x00, 0x00, 0x00, 0x00, 0x00, 0x00, 0x00, 0x00, 0x00, 0x00, 0x00, 0x00, 0x00, 0x00, 0x00,
	0x00, 0x00, 0x00, 0x00, 0x00, 0x00, 0x22, 0x22, 0xEC, 0xEC, 0x0C, 0x0C, 0x0C, 0x0C, 0x22, 0x22,
	0x0C, 0x0C, 0xEC, 0xEC, 0x22, 0x22, 0xEC, 0xEC, 0xEC, 0xEC, 0x22, 0x22, 0x22, 0x22, 0xEC, 0xEC,
	0x22, 0x22, 0xEC, 0xEC, 0x0C, 0x0C, 0x22, 0x22, 0x0C, 0x0C, 0xEC, 0xEC, 0x0C, 0x0C, 0xEC, 0xEC,
	0x22, 0x22, 0x22, 0x22, 0x00, 0x00, 0x00, 0x00, 0x00, 0x00, 0x00, 0x00, 0x00, 0x00, 0x00, 0x00,
	0x00, 0x00, 0x00, 0x00, 0x00, 0x00, 0x00, 0x00, 0x00, 0x00, 0x00, 0x00, 0x00, 0x00, 0x00, 0x00,
	0x00, 0x00, 0x00, 0x00, 0x00, 0x00, 0x00, 0x00, 0x00, 0x00, 0x00, 0x00, 0x00, 0x00, 0x00, 0x00,
	0x00, 0x00, 0x00, 0x00, 0x00, 0x00, 0x0C, 0x0C, 0x0C, 0x0C, 0xFF, 0xFF, 0xEC, 0xEC, 0xEC, 0xEC,
	0xEC, 0xEC, 0x22, 0x22, 0x0C, 0x0C, 0xEC, 0xEC, 0x22, 0x22, 0x0C, 0x0C, 0x22, 0x22, 0x0C, 0x0C,
	0x22, 0x22, 0xFF, 0xFF, 0x0C, 0x0C, 0x22, 0x22, 0xEC, 0xEC, 0xEC, 0xEC, 0x0C, 0x0C, 0x22, 0x22,
	0xFF, 0xFF, 0xEC, 0xEC, 0x0C, 0x0C, 0xEC, 0xEC, 0x00, 0x00, 0x00, 0x00, 0x00, 0x00, 0x00, 0x00,
	0x00, 0x00, 0x00, 0x00, 0x00, 0x00, 0x00, 0x00, 0x00, 0x00, 0x00, 0x00, 0x00, 0x00, 0x00, 0x00,
	0x00, 0x00, 0x00, 0x00, 0x00, 0x00, 0x00, 0x00, 0x00, 0x00, 0x00, 0x00, 0x00, 0x00, 0x00, 0x00,
	0x00, 0x00, 0x00, 0x00, 0x00, 0x00, 0x00, 0x00, 0x0C, 0x0C, 0x0C, 0x0C, 0xFF, 0xFF, 0xEC, 0xEC,
	0xEC, 0xEC, 0xEC, 0xEC, 0x22, 0x22, 0x0C, 0x0C, 0xEC, 0xEC, 0x22, 0x22, 0x0C, 0x0C, 0x22, 0x22,
	0x0C, 0x0C, 0x22, 0x22, 0xFF, 0xFF, 0x0C, 0x0C, 0x22, 0x22, 0xEC, 0xEC, 0xEC, 0xEC, 0x0C, 0x0C,
	0x22, 0x22, 0xFF, 0xFF, 0xEC, 0xEC, 0x0C, 0x0C, 0xEC, 0xEC, 0x00, 0x00, 0x00, 0x00, 0x00, 0x00,
	0x00, 0x00, 0x00, 0x00, 0x00, 0x00, 0x00, 0x00, 0x00, 0x00, 0x00, 0x00, 0x00, 0x00, 0x00, 0x00,
	0x00, 0x00, 0x00, 0x00, 0x00, 0x00, 0x00, 0x00, 0x00, 0x00, 0x00, 0x00, 0x00, 0x00, 0x00, 0x00,
	0x00, 0x00, 0x00, 0x00, 0x00, 0x00, 0x00, 0x00, 0x0C, 0x0C, 0x0C, 0x0C, 0x0C, 0x0C, 0x0C, 0x0C,
	0x22, 0x22, 0x0C, 0x0C, 0xEC, 0xEC, 0xEC, 0xEC, 0x0C, 0x0C, 0x0C, 0x0C, 0xEC, 0xEC, 0xEC, 0xEC,
	0xEC, 0xEC, 0x0C, 0x0C, 0x22, 0x22, 0xEC, 0xEC, 0xEC, 0xEC, 0xEC, 0xEC, 0x0C, 0x0C, 0xEC, 0xEC,
	0xEC, 0xEC, 0x0C, 0x0C, 0x0C, 0x0C, 0x0C, 0x0C, 0x0C, 0x0C, 0xEC, 0xEC, 0x0C, 0x0C, 0x00, 0x00,
	0x00, 0x00, 0x00, 0x00, 0x00, 0x00, 0x00, 0x00, 0x00, 0x00, 0x00, 0x00, 0x00, 0x00, 0x00, 0x00,
	0x00, 0x00, 0x00, 0x00, 0x00, 0x00, 0x00, 0x00, 0x00, 0x00, 0x00, 0x00, 0x00, 0x00, 0x00, 0x00,
	0x00, 0x00, 0x00, 0x00, 0x00, 0x00, 0x00, 0x00, 0x00, 0x00, 0x0C, 0x0C, 0x0C, 0x0C, 0x0C, 0x0C,
	0x0C, 0x0C, 0x22, 0x22, 0x0C, 0x0C, 0xEC, 0xEC, 0xEC, 0xEC, 0x0C, 0x0C, 0x0C, 0x0C, 0xEC, 0xEC,
	0xEC, 0xEC, 0xEC, 0xEC, 0x0C, 0x0C, 0x22, 0x22, 0xEC, 0xEC, 0xEC, 0xEC, 0xEC, 0xEC, 0x0C, 0x0C,
	0xEC, 0xEC, 0xEC, 0xEC, 0x0C, 0x0C, 0x0C, 0x0C, 0x0C, 0x0C, 0x0C, 0x0C, 0xEC, 0xEC, 0x0C, 0x0C,
	0x00, 0x00, 0x00, 0x00, 0x00, 0x00, 0x00, 0x00, 0x00, 0x00, 0x00, 0x00, 0x00, 0x00, 0x00, 0x00,
	0x00, 0x00, 0x00, 0x00, 0x00, 0x00, 0x00, 0x00, 0x00, 0x00, 0x00, 0x00, 0x00, 0x00, 0x00, 0x00,
	0x00, 0x00, 0x00, 0x00, 0x00, 0x00, 0x00, 0x00, 0x00, 0x00, 0x00, 0x00, 0x22, 0x22, 0xEC, 0xEC,
	0x0C, 0x0C, 0xEC, 0xEC, 0xEC, 0xEC, 0xEC, 0xEC, 0x0C, 0x0C, 0x0C, 0x0C, 0x0C, 0x0C, 0xEC, 0xEC,
	0x0C, 0x0C, 0xEC, 0xEC, 0x0C, 0x0C, 0xEC, 0xEC, 0xEC, 0xEC, 0x0C, 0x0C, 0x0C, 0x0C, 0xEC, 0xEC,
	0x0C, 0x0C, 0xEC, 0xEC, 0x0C, 0x0C, 0xEC, 0xEC, 0x0C, 0x0C, 0x0C, 0x0C, 0xEC, 0xEC, 0x22, 0x22,
	0xEC, 0xEC, 0x00, 0x00, 0x00, 0x00, 0x00, 0x00, 0x00, 0x00, 0x00, 0x00, 0x00, 0x00, 0x00, 0x00,
	0x00, 0x00, 0x00, 0x00, 0x00, 0x00, 0x00, 0x00, 0x00, 0x00, 0x00, 0x00, 0x00, 0x00, 0x00, 0x00,
	0x00, 0x00, 0x00, 0x00, 0x00, 0x00, 0x00, 0x00, 0x00, 0x00, 0x00, 0x00, 0x00, 0x00, 0x22, 0x22,
	0xEC, 0xEC, 0x0C, 0x0C, 0xEC, 0xEC, 0xEC, 0xEC, 0xEC, 0xEC, 0x0C, 0x0C, 0x0C, 0x0C, 0x0C, 0x0C,
	0xEC, 0xEC, 0x0C, 0x0C, 0xEC, 0xEC, 0x0C, 0x0C, 0xEC, 0xEC, 0xEC, 0xEC, 0x0C, 0x0C, 0x0C, 0x0C,
	0xEC, 0xEC, 0x0C, 0x0C, 0xEC, 0xEC, 0x0C, 0x0C, 0xEC, 0xEC, 0x0C, 0x0C, 0x0C, 0x0C, 0xEC, 0xEC,
	0x22, 0x22, 0xEC, 0xEC, 0x00, 0x00, 0x00, 0x00, 0x00, 0x00, 0x00, 0x00, 0x00, 0x00, 0x00, 0x00,
	0x00, 0x00, 0x00, 0x00, 0x00, 0x00, 0x00, 0x00, 0x00, 0x00, 0x00, 0x00, 0x00, 0x00, 0x00, 0x00,
	0x00, 0x00, 0x00, 0x00, 0x00, 0x00, 0x00, 0x00, 0x00, 0x00, 0x00, 0x00, 0x00, 0x00, 0x00, 0x00,
	0xEC, 0xEC, 0xEC, 0xEC, 0x0C, 0x0C, 0x0C, 0x0C, 0x22, 0x22, 0x0C, 0x0C, 0xEC, 0xEC, 0x0C, 0x0C,
	0xEC, 0xEC, 0x0C, 0x0C, 0x0C, 0x0C, 0x0C, 0x0C, 0x0C, 0x0C, 0xEC, 0xEC, 0x0C, 0x0C, 0x0C, 0x0C,
	0x0C, 0x0C, 0x0C, 0x0C, 0x22, 0x22, 0x0C, 0x0C, 0xEC, 0xEC, 0x0C, 0x0C, 0x22, 0x22, 0x0C, 0x0C,
	0x0C, 0x0C, 0xEC, 0xEC, 0x0C, 0x0C, 0x00, 0x00, 0x00, 0x00, 0x00, 0x00, 0x00, 0x00, 0x00, 0x00,
	0x00, 0x00, 0x00, 0x00, 0x00, 0x00, 0x00, 0x00, 0x00, 0x00, 0x00, 0x00, 0x00, 0x00, 0x00, 0x00,
	0x00, 0x00, 0x00, 0x00, 0x00, 0x00, 0x00, 0x00, 0x00, 0x00, 0x00, 0x00, 0x00, 0x00, 0x00, 0x00,
	0x00, 0x00, 0xEC, 0xEC, 0xEC, 0xEC, 0x0C, 0x0C, 0x0C, 0x0C, 0x22, 0x22, 0x0C, 0x0C, 0xEC, 0xEC,
	0x0C, 0x0C, 0xEC, 0xEC, 0x0C, 0x0C, 0x0C, 0x0C, 0x0C, 0x0C, 0x0C, 0x0C, 0xEC, 0xEC, 0x0C, 0x0C,
	0x0C, 0x0C, 0x0C, 0x0C, 0x0C, 0x0C, 0x22, 0x22, 0x0C, 0x0C, 0xEC, 0xEC, 0x0C, 0x0C, 0x22, 0x22,
	0x0C, 0x0C, 0x0C, 0x0C, 0xEC, 0xEC, 0x0C, 0x0C, 0x00, 0x00, 0x00, 0x00, 0x00, 0x00, 0x00, 0x00,
	0x00, 0x00, 0x00, 0x00, 0x00, 0x00, 0x00, 0x00, 0x00, 0x00, 0x00, 0x00, 0x00, 0x00, 0x00, 0x00,
	0x00, 0x00, 0x00, 0x00, 0x00, 0x00, 0x00, 0x00, 0x00, 0x00, 0x00, 0x00, 0x00, 0x00, 0x00, 0x00,
	0x00, 0x00, 0x0C, 0x0C, 0x0C, 0x0C, 0x0C, 0x0C, 0xEC, 0xEC, 0x0C, 0x0C, 0x4C, 0x4C, 0x4C, 0x4C,
	0x75, 0x75, 0x75, 0x75, 0x75, 0x75, 0x4C, 0x4C, 0x0C, 0x0C, 0x0C, 0x0C, 0x0C, 0x0C, 0x0C, 0x0C,
	0x0C, 0x0C, 0x0C, 0x0C, 0x0C, 0x0C, 0x4C, 0x4C, 0x75, 0x75, 0x75, 0x75, 0x75, 0x75, 0x4C, 0x4C,
	0x4C, 0x4C, 0x0C, 0x0C, 0xEC, 0xEC, 0xEC, 0xEC, 0x22, 0x22, 0x0C, 0x0C, 0x00, 0x00, 0x00, 0x00,
	0x00, 0x00, 0x00, 0x00, 0x00, 0x00, 0x00, 0x00, 0x00, 0x00, 0x00, 0x00, 0x00, 0x00, 0x00, 0x00,
	0x00, 0x00, 0x00, 0x00, 0x00, 0x00, 0x00, 0x00, 0x00, 0x00, 0x00, 0x00, 0x00, 0x00, 0x00, 0x00,
	0x00, 0x00, 0x00, 0x00, 0x0C, 0x0C, 0x0C, 0x0C, 0x0C, 0x0C, 0xEC, 0xEC, 0x0C, 0x0C, 0x4C, 0x4C,
	0x4C, 0x4C, 0x75, 0x75, 0x75, 0x75, 0x75, 0x75, 0x4C, 0x4C, 0x0C, 0x0C, 0x0C, 0x0C, 0x0C, 0x0C,
	0x0C, 0x0C, 0x0C, 0x0C, 0x0C, 0x0C, 0x0C, 0x0C, 0x4C, 0x4C, 0x75, 0x75, 0x75, 0x75, 0x75, 0x75,
	0x4C, 0x4C, 0x4C, 0x4C, 0x0C, 0x0C, 0xEC, 0xEC, 0xEC, 0xEC, 0x22, 0x22, 0x0C, 0x0C, 0x00, 0x00,
	0x00, 0x00, 0x00, 0x00, 0x00, 0x00, 0x00, 0x00, 0x00, 0x00, 0x00, 0x00, 0x00, 0x00, 0x00, 0x00,
	0x00, 0x00, 0x00, 0x00, 0x00, 0x00, 0x00, 0x00, 0x00, 0x00, 0x00, 0x00, 0x00, 0x00, 0x00, 0x00,
	0x00, 0x00, 0x00, 0x00, 0x00, 0x00, 0x0C, 0x0C, 0xEC, 0xEC, 0x0C, 0x0C, 0x0C, 0x0C, 0x4C, 0x4C,
	0x75, 0x75, 0x75, 0x75, 0x9A, 0x9A, 0x9A, 0x9A, 0x9A, 0x9A, 0x75, 0x75, 0x75, 0x75, 0x4C, 0x4C,
	0x0C, 0x0C, 0x4C, 0x4C, 0x0C, 0x0C, 0x4C, 0x4C, 0x75, 0x75, 0x75, 0x75, 0x9A, 0x9A, 0x9A, 0x9A,
	0x9A, 0x9A, 0x75, 0x75, 0x75, 0x75, 0x4C, 0x4C, 0x0C, 0x0C, 0x0C, 0x0C, 0x0C, 0x0C, 0x0C, 0x0C,
	0x00, 0x00, 0x00, 0x00, 0x00, 0x00, 0x00, 0x00, 0x00, 0x00, 0x00, 0x00, 0x00, 0x00, 0x00, 0x00,
	0x00, 0x00, 0x00, 0x00, 0x00, 0x00, 0x00, 0x00, 0x00, 0x00, 0x00, 0x00, 0x00, 0x00, 0x00, 0x00,
	0x00, 0x00, 0x00, 0x00, 0x00, 0x00, 0x00, 0x00, 0x0C, 0x0C, 0xEC, 0xEC, 0x0C, 0x0C, 0x0C, 0x0C,
	0x4C, 0x4C, 0x75, 0x75, 0x75, 0x75, 0x9A, 0x9A, 0x9A, 0x9A, 0x9A, 0x9A, 0x75, 0x75, 0x75, 0x75,
	0x4C, 0x4C, 0x0C, 0x0C, 0x4C, 0x4C, 0x0C, 0x0C, 0x4C, 0x4C, 0x75, 0x75, 0x75, 0x75, 0x9A, 0x9A,
	0x9A, 0x9A, 0x9A, 0x9A, 0x75, 0x75, 0x75, 0x75, 0x4C, 0x4C, 0x0C, 0x0C, 0x0C, 0x0C, 0x0C, 0x0C,
	0x0C, 0x0C, 0x00, 0x00, 0x00, 0x00, 0x00, 0x00, 0x00, 0x00, 0x00, 0x00, 0x00, 0x00, 0x00, 0x00,
	0x00, 0x00, 0x00, 0x00, 0x00, 0x00, 0x00, 0x00, 0x00, 0x00, 0x00, 0x00, 0x00, 0x00, 0x00, 0x00,
	0x00, 0x00, 0x00, 0x00, 0x00, 0x00, 0x00, 0x00, 0x00, 0x00, 0x0C, 0x0C, 0x0C, 0x0C, 0x00, 0x00,
	0x4C, 0x4C, 0x75, 0x75, 0x75, 0x75, 0x9A, 0x9A, 0x75, 0x75, 0x9A, 0x9A, 0x75, 0x75, 0x9A, 0x9A,
	0x75, 0x75, 0x75, 0x75, 0x75, 0x75, 0x75, 0x75, 0x75, 0x75, 0x75, 0x75, 0x75, 0x75, 0x9A, 0x9A,
	0x75, 0x75, 0x9A, 0x9A, 0x75, 0x75, 0x75, 0x75, 0x75, 0x75, 0x75, 0x75, 0x4C, 0x4C, 0x00, 0x00,
	0x0C, 0x0C, 0x0C, 0x0C, 0x00, 0x00, 0x00, 0x00, 0x00, 0x00, 0x00, 0x00, 0x00, 0x00, 0x00, 0x00,
	0x00, 0x00, 0x00, 0x00, 0x00, 0x00, 0x00, 0x00, 0x00, 0x00, 0x00, 0x00, 0x00, 0x00, 0x00, 0x00,
	0x00, 0x00, 0x00, 0x00, 0x00, 0x00, 0x00, 0x00, 0x00, 0x00, 0x00, 0x00, 0x0C, 0x0C, 0x0C, 0x0C,
	0x00, 0x00, 0x4C, 0x4C, 0x75, 0x75, 0x75, 0x75, 0x9A, 0x9A, 0x75, 0x75, 0x9A, 0x9A, 0x75, 0x75,
	0x9A, 0x9A, 0x75, 0x75, 0x75, 0x75, 0x75, 0x75, 0x75, 0x75, 0x75, 0x75, 0x75, 0x75, 0x75, 0x75,
	0x9A, 0x9A, 0x75, 0x75, 0x9A, 0x9A, 0x75, 0x75, 0x75, 0x75, 0x75, 0x75, 0x75, 0x75, 0x4C, 0x4C,
	0x00, 0x00, 0x0C, 0x0C, 0x0C, 0x0C, 0x00, 0x00, 0x00, 0x00, 0x00, 0x00, 0x00, 0x00, 0x00, 0x00,
	0x00, 0x00, 0x00, 0x00, 0x00, 0x00, 0x00, 0x00, 0x00, 0x00, 0x00, 0x00, 0x00, 0x00, 0x00, 0x00,
	0x00, 0x00, 0x00, 0x00, 0x00, 0x00, 0x00, 0x00, 0x00, 0x00, 0x00, 0x00, 0x00, 0x00, 0x0C, 0x0C,
	0x0C, 0x0C, 0x4C, 0x4C, 0x75, 0x75, 0x75, 0x75, 0x75, 0x75, 0x75, 0x75, 0x4C, 0x4C, 0x75, 0x75,
	0x9A, 0x9A, 0x75, 0x75, 0x9A, 0x9A, 0x75, 0x75, 0x9A, 0x9A, 0x75, 0x75, 0x9A, 0x9A, 0x75, 0x75,
	0x9A, 0x9A, 0x75, 0x75, 0x9A, 0x9A, 0x75, 0x75, 0x75, 0x75, 0x4C, 0x4C, 0x75, 0x75, 0x75, 0x75,
	0x75, 0x75, 0x4C, 0x4C, 0x0C, 0x0C, 0x0C, 0x0C, 0x00, 0x00, 0x00, 0x00, 0x00, 0x00, 0x00, 0x00,
	0x00, 0x00, 0x00, 0x00, 0x00, 0x00, 0x00, 0x00, 0x00, 0x00, 0x00, 0x00, 0x00, 0x00, 0x00, 0x00,
	0x00, 0x00, 0x00, 0x00, 0x00, 0x00, 0x00, 0x00, 0x00, 0x00, 0x00, 0x00, 0x00, 0x00, 0x00, 0x00,
	0x0C, 0x0C, 0x0C, 0x0C, 0x4C, 0x4C, 0x75, 0x75, 0x75, 0x75, 0x75, 0x75, 0x75, 0x75, 0x4C, 0x4C,
	0x75, 0x75, 0x9A, 0x9A, 0x75, 0x75, 0x9A, 0x9A, 0x75, 0x75, 0x9A, 0x9A, 0x75, 0x75, 0x9A, 0x9A,
	0x75, 0x75, 0x9A, 0x9A, 0x75, 0x75, 0x9A, 0x9A, 0x75, 0x75, 0x75, 0x75, 0x4C, 0x4C, 0x75, 0x75,
	0x75, 0x75, 0x75, 0x75, 0x4C, 0x4C, 0x0C, 0x0C, 0x0C, 0x0C, 0x00, 0x00, 0x00, 0x00, 0x00, 0x00,
	0x00, 0x00, 0x00, 0x00, 0x00, 0x00, 0x00, 0x00, 0x00, 0x00, 0x00, 0x00, 0x00, 0x00, 0x00, 0x00,
	0x00, 0x00, 0x00, 0x00, 0x00, 0x00, 0x00, 0x00, 0x00, 0x00, 0x00, 0x00, 0x00, 0x00, 0x00, 0x00,
	0x00, 0x00, 0x0C, 0x0C, 0x0C, 0x0C, 0x75, 0x75, 0x75, 0x75, 0x75, 0x75, 0x75, 0x75, 0x4C, 0x4C,
	0x75, 0x75, 0x75, 0x75, 0x75, 0x75, 0x75, 0x75, 0x75, 0x75, 0x9A, 0x9A, 0x75, 0x75, 0x75, 0x75,
	0x75, 0x75, 0x9A, 0x9A, 0x75, 0x75, 0x75, 0x75, 0x75, 0x75, 0x75, 0x75, 0x75, 0x75, 0x75, 0x75,
	0x75, 0x75, 0x75, 0x75, 0x75, 0x75, 0x75, 0x75, 0x0C, 0x0C, 0x0C, 0x0C, 0x00, 0x00, 0x00, 0x00,
	0x00, 0x00, 0x00, 0x00, 0x00, 0x00, 0x00, 0x00, 0x00, 0x00, 0x00, 0x00, 0x00, 0x00, 0x00, 0x00,
	0x00, 0x00, 0x00, 0x00, 0x00, 0x00, 0x00, 0x00, 0x00, 0x00, 0x00, 0x00, 0x00, 0x00, 0x00, 0x00,
	0x00, 0x00, 0x00, 0x00, 0x0C, 0x0C, 0x0C, 0x0C, 0x75, 0x75, 0x75, 0x75, 0x75, 0x75, 0x75, 0x75,
	0x4C, 0x4C, 0x75, 0x75, 0x75, 0x75, 0x75, 0x75, 0x75, 0x75, 0x75, 0x75, 0x9A, 0x9A, 0x75, 0x75,
	0x75, 0x75, 0x75, 0x75, 0x9A, 0x9A, 0x75, 0x75, 0x75, 0x75, 0x75, 0x75, 0x75, 0x75, 0x75, 0x75,
	0x75, 0x75, 0x75, 0x75, 0x75, 0x75, 0x75, 0x75, 0x75, 0x75, 0x0C, 0x0C, 0x0C, 0x0C, 0x00, 0x00,
	0x00, 0x00, 0x00, 0x00, 0x00, 0x00, 0x00, 0x00, 0x00, 0x00, 0x00, 0x00, 0x00, 0x00, 0x00, 0x00,
	0x00, 0x00, 0x00, 0x00, 0x00, 0x00, 0x00, 0x00, 0x00, 0x00, 0x00, 0x00, 0x00, 0x00, 0x00, 0x00,
	0x00, 0x00, 0x00, 0x00, 0x00, 0x00, 0x0C, 0x0C, 0x75, 0x75, 0x75, 0x75, 0x75, 0x75, 0x75, 0x75,
	0x4C, 0x4C, 0x10, 0x10, 0x75, 0x75, 0x75, 0x75, 0x75, 0x75, 0x4C, 0x4C, 0x75, 0x75, 0x75, 0x75,
	0x4C, 0x4C, 0x75, 0x75, 0x4C, 0x4C, 0x75, 0x75, 0x75, 0x75, 0x4C, 0x4C, 0x75, 0x75, 0x75, 0x75,
	0x75, 0x75, 0x4C, 0x4C, 0x75, 0x75, 0x75, 0x75, 0x75, 0x75, 0x75, 0x75, 0x4C, 0x4C, 0x0C, 0x0C,
	0x00, 0x00, 0x00, 0x00, 0x00, 0x00, 0x00, 0x00, 0x00, 0x00, 0x00, 0x00, 0x00, 0x00, 0x00, 0x00,
	0x00, 0x00, 0x00, 0x00, 0x00, 0x00, 0x00, 0x00, 0x00, 0x00, 0x00, 0x00, 0x00, 0x00, 0x00, 0x00,
	0x00, 0x00, 0x00, 0x00, 0x00, 0x00, 0x00, 0x00, 0x0C, 0x0C, 0x75, 0x75, 0x75, 0x75, 0x75, 0x75,
	0x75, 0x75, 0x4C, 0x4C, 0x10, 0x10, 0x75, 0x75, 0x75, 0x75, 0x75, 0x75, 0x4C, 0x4C, 0x75, 0x75,
	0x75, 0x75, 0x4C, 0x4C, 0x75, 0x75, 0x4C, 0x4C, 0x75, 0x75, 0x75, 0x75, 0x4C, 0x4C, 0x75, 0x75,
	0x75, 0x75, 0x75, 0x75, 0x4C, 0x4C, 0x75, 0x75, 0x75, 0x75, 0x75, 0x75, 0x75, 0x75, 0x4C, 0x4C,
	0x0C, 0x0C, 0x00, 0x00, 0x00, 0x00, 0x00, 0x00, 0x00, 0x00, 0x00, 0x00, 0x00, 0x00, 0x00, 0x00,
	0x00, 0x00, 0x00, 0x00, 0x00, 0x00, 0x00, 0x00, 0x00, 0x00, 0x00, 0x00, 0x00, 0x00, 0x00, 0x00,
	0x00, 0x00, 0x00, 0x00, 0x00, 0x00, 0x00, 0x00, 0x00, 0x00, 0x0C, 0x0C, 0x4C, 0x4C, 0x75, 0x75,
	0x75, 0x75, 0x75, 0x75, 0x10, 0x10, 0x75, 0x75, 0x75, 0x75, 0x75, 0x75, 0x75, 0x75, 0x75, 0x75,
	0x4C, 0x4C, 0x4C, 0x4C, 0x4C, 0x4C, 0x4C, 0x4C, 0x4C, 0x4C, 0x4C, 0x4C, 0x4C, 0x4C, 0x75, 0x75,
	0x75, 0x75, 0x75, 0x75, 0x75, 0x75, 0x4C, 0x4C, 0x75, 0x75, 0x9A, 0x9A, 0x75, 0x75, 0x75, 0x75,
	0x75, 0x75, 0x0C, 0x0C, 0x00, 0x00, 0x00, 0x00, 0x00, 0x00, 0x00, 0x00, 0x00, 0x00, 0x00, 0x00,
	0x00, 0x00, 0x00, 0x00, 0x00, 0x00, 0x00, 0x00, 0x00, 0x00, 0x00, 0x00, 0x00, 0x00, 0x00, 0x00,
	0x00, 0x00, 0x00, 0x00, 0x00, 0x00, 0x00, 0x00, 0x00, 0x00, 0x00, 0x00, 0x0C, 0x0C, 0x4C, 0x4C,
	0x75, 0x75, 0x75, 0x75, 0x75, 0x75, 0x10, 0x10, 0x75, 0x75, 0x75, 0x75, 0x75, 0x75, 0x75, 0x75,
	0x75, 0x75, 0x4C, 0x4C, 0x4C, 0x4C, 0x4C, 0x4C, 0x4C, 0x4C, 0x4C, 0x4C, 0x4C, 0x4C, 0x4C, 0x4C,
	0x75, 0x75, 0x75, 0x75, 0x75, 0x75, 0x75, 0x75, 0x4C, 0x4C, 0x75, 0x75, 0x9A, 0x9A, 0x75, 0x75,
	0x75, 0x75, 0x75, 0x75, 0x0C, 0x0C, 0x00, 0x00, 0x00, 0x00, 0x00, 0x00, 0x00, 0x00, 0x00, 0x00,
	0x00, 0x00, 0x00, 0x00, 0x00, 0x00, 0x00, 0x00, 0x00, 0x00, 0x00, 0x00, 0x00, 0x00, 0x00, 0x00,
	0x00, 0x00, 0x00, 0x00, 0x00, 0x00, 0x00, 0x00, 0x00, 0x00, 0x00, 0x00, 0x00, 0x00, 0x10, 0x10,
	0x75, 0x75, 0x75, 0x75, 0x75, 0x75, 0x9A, 0x9A, 0x4C, 0x4C, 0x10, 0x10, 0x4C, 0x4C, 0x75, 0x75,
	0x75, 0x75, 0x75, 0x75, 0x75, 0x75, 0x4C, 0x4C, 0x10, 0x10, 0x4C, 0x4C, 0x10, 0x10, 0x4C, 0x4C,
	0x75, 0x75, 0x75, 0x75, 0x75, 0x75, 0x75, 0x75, 0x4C, 0x4C, 0x10, 0x10, 0x4C, 0x4C, 0x9A, 0x9A,
	0x75, 0x75, 0x75, 0x75, 0x4C, 0x4C, 0x10, 0x10, 0x00, 0x00, 0x00, 0x00, 0x00, 0x00, 0x00, 0x00,
	0x00, 0x00, 0x00, 0x00, 0x00, 0x00, 0x00, 0x00, 0x00, 0x00, 0x00, 0x00, 0x00, 0x00, 0x00, 0x00,
	0x00, 0x00, 0x00, 0x00, 0x00, 0x00, 0x00, 0x00, 0x00, 0x00, 0x00, 0x00, 0x00, 0x00, 0x00, 0x00,
	0x10, 0x10, 0x75, 0x75, 0x75, 0x75, 0x75, 0x75, 0x9A, 0x9A, 0x4C, 0x4C, 0x10, 0x10, 0x4C, 0x4C,
	0x75, 0x75, 0x75, 0x75, 0x75, 0x75, 0x75, 0x75, 0x4C, 0x4C, 0x10, 0x10, 0x4C, 0x4C, 0x10, 0x10,
	0x4C, 0x4C, 0x75, 0x75, 0x75, 0x75, 0x75, 0x75, 0x75, 0x75, 0x4C, 0x4C, 0x10, 0x10, 0x4C, 0x4C,
	0x9A, 0x9A, 0x75, 0x75, 0x75, 0x75, 0x4C, 0x4C, 0x10, 0x10, 0x00, 0x00, 0x00, 0x00, 0x00, 0x00,
	0x00, 0x00, 0x00, 0x00, 0x00, 0x00, 0x00, 0x00, 0x00, 0x00, 0x00, 0x00, 0x00, 0x00, 0x00, 0x00,
	0x00, 0x00, 0x00, 0x00, 0x00, 0x00, 0x00, 0x00, 0x00, 0x00, 0x5F, 0x5F, 0x00, 0x00, 0x5F, 0x5F,
	0x00, 0x00, 0x00, 0x00, 0x10, 0x10, 0x75, 0x75, 0x75, 0x75, 0x75, 0x75, 0x10, 0x10, 0x10, 0x10,
	0x22, 0x22, 0x22, 0x22, 0x10, 0x10, 0x9A, 0x9A, 0x75, 0x75, 0x4C, 0x4C, 0x4C, 0x4C, 0x75, 0x75,
	0x4C, 0x4C, 0x4C, 0x4C, 0x75, 0x75, 0x9A, 0x9A, 0x10, 0x10, 0x22, 0x22, 0x22, 0x22, 0x10, 0x10,
	0x10, 0x10, 0x75, 0x75, 0x75, 0x75, 0x75, 0x75, 0x10, 0x10, 0x00, 0x00, 0x00, 0x00, 0x00, 0x00,
	0x00, 0x00, 0x00, 0x00, 0x00, 0x00, 0x00, 0x00, 0x00, 0x00, 0x00, 0x00, 0x00, 0x00, 0x00, 0x00,
	0x00, 0x00, 0x00, 0x00, 0x00, 0x00, 0x00, 0x00, 0x00, 0x00, 0x00, 0x00, 0x5F, 0x5F, 0x00, 0x00,
	0x5F, 0x5F, 0x00, 0x00, 0x00, 0x00, 0x10, 0x10, 0x75, 0x75, 0x75, 0x75, 0x75, 0x75, 0x10, 0x10,
	0x10, 0x10, 0x22, 0x22, 0x22, 0x22, 0x10, 0x10, 0x9A, 0x9A, 0x75, 0x75, 0x4C, 0x4C, 0x4C, 0x4C,
	0x75, 0x75, 0x4C, 0x4C, 0x4C, 0x4C, 0x75, 0x75, 0x9A, 0x9A, 0x10, 0x10, 0x22, 0x22, 0x22, 0x22,
	0x10, 0x10, 0x10, 0x10, 0x75, 0x75, 0x75, 0x75, 0x75, 0x75, 0x10, 0x10, 0x00, 0x00, 0x00, 0x00,
	0x00, 0x00, 0x00, 0x00, 0x00, 0x00, 0x00, 0x00, 0x00, 0x00, 0x00, 0x00, 0x00, 0x00, 0x00, 0x00,
	0x00, 0x00, 0x00, 0x00, 0x00, 0x00, 0x00, 0x00, 0x00, 0x00, 0x00, 0x00, 0x00, 0x00, 0x00, 0x00,
	0x00, 0x00, 0x00, 0x00, 0x10, 0x10, 0x00, 0x00, 0x4C, 0x4C, 0x75, 0x75, 0x75, 0x75, 0x4C, 0x4C,
	0x0C, 0x0C, 0x22, 0x22, 0xEC, 0xEC, 0x22, 0x22, 0x22, 0x22, 0x0C, 0x0C, 0x4C, 0x4C, 0x10, 0x10,
	0x4C, 0x4C, 0x9A, 0x9A, 0x4C, 0x4C, 0x10, 0x10, 0x4C, 0x4C, 0x0C, 0x0C, 0x22, 0x22, 0x22, 0x22,
	0xEC, 0xEC, 0x22, 0x22, 0x0C, 0x0C, 0x4C, 0x4C, 0x75, 0x75, 0x75, 0x75, 0x4C, 0x4C, 0x00, 0x00,
	0x10, 0x10, 0x00, 0x00, 0x00, 0x00, 0x00, 0x00, 0x00, 0x00, 0x00, 0x00, 0x00, 0x00, 0x00, 0x00,
	0x00, 0x00, 0x00, 0x00, 0x00, 0x00, 0x00, 0x00, 0x00, 0x00, 0x00, 0x00, 0x00, 0x00, 0x00, 0x00,
	0x00, 0x00, 0x00, 0x00, 0x00, 0x00, 0x10, 0x10, 0x00, 0x00, 0x4C, 0x4C, 0x75, 0x75, 0x75, 0x75,
	0x4C, 0x4C, 0x0C, 0x0C, 0x22, 0x22, 0xEC, 0xEC, 0x22, 0x22, 0x22, 0x22, 0x0C, 0x0C, 0x4C, 0x4C,
	0x10, 0x10, 0x4C, 0x4C, 0x9A, 0x9A, 0x4C, 0x4C, 0x10, 0x10, 0x4C, 0x4C, 0x0C, 0x0C, 0x22, 0x22,
	0x22, 0x22, 0xEC, 0xEC, 0x22, 0x22, 0x0C, 0x0C, 0x4C, 0x4C, 0x75, 0x75, 0x75, 0x75, 0x4C, 0x4C,
	0x00, 0x00, 0x10, 0x10, 0x00, 0x00, 0x00, 0x00, 0x00, 0x00, 0x00, 0x00, 0x00, 0x00, 0x00, 0x00,
	0x00, 0x00, 0x00, 0x00, 0x00, 0x00, 0x00, 0x00, 0x00, 0x00, 0x00, 0x00, 0x00, 0x00, 0x00, 0x00,
	0x00, 0x00, 0x00, 0x00, 0x00, 0x00, 0x4C, 0x4C, 0x75, 0x75, 0x10, 0x10, 0x4C, 0x4C, 0x75, 0x75,
	0x4C, 0x4C, 0x10, 0x10, 0x00, 0x00, 0x00, 0x00, 0x00, 0x00, 0xEC, 0xEC, 0xEC, 0xEC, 0x22, 0x22,
	0x10, 0x10, 0x10, 0x10, 0x75, 0x75, 0x9A, 0x9A, 0x75, 0x75, 0x10, 0x10, 0x10, 0x10, 0x22, 0x22,
	0xEC, 0xEC, 0xEC, 0xEC, 0x00, 0x00, 0x00, 0x00, 0x00, 0x00, 0x10, 0x10, 0x4C, 0x4C, 0x75, 0x75,
	0x4C, 0x4C, 0x10, 0x10, 0x75, 0x75, 0x4C, 0x4C, 0x00, 0x00, 0x00, 0x00, 0x00, 0x00, 0x00, 0x00,
	0x00, 0x00, 0x00, 0x00, 0x00, 0x00, 0x00, 0x00, 0x00, 0x00, 0x00, 0x00, 0x00, 0x00, 0x00, 0x00,
	0x00, 0x00, 0x00, 0x00, 0x00, 0x00, 0x00, 0x00, 0x4C, 0x4C, 0x75, 0x75, 0x10, 0x10, 0x4C, 0x4C,
	0x75, 0x75, 0x4C, 0x4C, 0x10, 0x10, 0x00, 0x00, 0x00, 0x00, 0x00, 0x00, 0xEC, 0xEC, 0xEC, 0xEC,
	0x22, 0x22, 0x10, 0x10, 0x10, 0x10, 0x75, 0x75, 0x9A, 0x9A, 0x75, 0x75, 0x10, 0x10, 0x10, 0x10,
	0x22, 0x22, 0xEC, 0xEC, 0xEC, 0xEC, 0x00, 0x00, 0x00, 0x00, 0x00, 0x00, 0x10, 0x10, 0x4C, 0x4C,
	0x75, 0x75, 0x4C, 0x4C, 0x10, 0x10, 0x75, 0x75, 0x4C, 0x4C, 0x00, 0x00, 0x00, 0x00, 0x00, 0x00,
	0x00, 0x00, 0x00, 0x00, 0x00, 0x00, 0x00, 0x00, 0x00, 0x00, 0x00, 0x00, 0x00, 0x00, 0x00, 0x00,
	0x00, 0x00, 0x00, 0x00, 0x00, 0x00, 0x00, 0x00, 0x00, 0x00, 0x10, 0x10, 0x4C, 0x4C, 0x10, 0x10,
	0x75, 0x75, 0x75, 0x75, 0x10, 0x10, 0x10, 0x10, 0x10, 0x10, 0x4C, 0x4C, 0x10, 0x10, 0x00, 0x00,
	0x00, 0x00, 0x00, 0x00, 0x00, 0x00, 0x10, 0x10, 0x10, 0x10, 0x4C, 0x4C, 0x10, 0x10, 0x10, 0x10,
	0x00, 0x00, 0x00, 0x00, 0x00, 0x00, 0x00, 0x00, 0x10, 0x10, 0x4C, 0x4C, 0x10, 0x10, 0x10, 0x10,
	0x10, 0x10, 0x75, 0x75, 0x75, 0x75, 0x10, 0x10, 0x4C, 0x4C, 0x10, 0x10, 0x00, 0x00, 0x00, 0x00,
	0x00, 0x00, 0x00, 0x00, 0x00, 0x00, 0x00, 0x00, 0x00, 0x00, 0x00, 0x00, 0x00, 0x00, 0x00, 0x00,
	0x00, 0x00, 0x00, 0x00, 0x00, 0x00, 0x00, 0x00, 0x00, 0x00, 0x00, 0x00, 0x10, 0x10, 0x4C, 0x4C,
	0x10, 0x10, 0x75, 0x75, 0x75, 0x75, 0x10, 0x10, 0x10, 0x10, 0x10, 0x10, 0x4C, 0x4C, 0x10, 0x10,
	0x00, 0x00, 0x00, 0x00, 0x00, 0x00, 0x00, 0x00, 0x10, 0x10, 0x10, 0x10, 0x4C, 0x4C, 0x10, 0x10,
	0x10, 0x10, 0x00, 0x00, 0x00, 0x00, 0x00, 0x00, 0x00, 0x00, 0x10, 0x10, 0x4C, 0x4C, 0x10, 0x10,
	0x10, 0x10, 0x10, 0x10, 0x75, 0x75, 0x75, 0x75, 0x10, 0x10, 0x4C, 0x4C, 0x10, 0x10, 0x00, 0x00,
	0x00, 0x00, 0x00, 0x00, 0x00, 0x00, 0x00, 0x00, 0x00, 0x00, 0x00, 0x00, 0x00, 0x00, 0x00, 0x00,
	0x00, 0x00, 0x00, 0x00, 0x00, 0x00, 0x00, 0x00, 0x00, 0x00, 0x00, 0x00, 0x00, 0x00, 0x4C, 0x4C,
	0x10, 0x10, 0x10, 0x10, 0x75, 0x75, 0x75, 0x75, 0x10, 0x10, 0x4C, 0x4C, 0x10, 0x10, 0x10, 0x10,
	0x10, 0x10, 0x10, 0x10, 0x10, 0x10, 0x00, 0x00, 0x00, 0x00, 0x4C, 0x4C, 0x9A, 0x9A, 0x9A, 0x9A,
	0x9A, 0x9A, 0x4C, 0x4C, 0x00, 0x00, 0x00, 0x00, 0x10, 0x10, 0x10, 0x10, 0x10, 0x10, 0x10, 0x10,
	0x10, 0x10, 0x4C, 0x4C, 0x10, 0x10, 0x75, 0x75, 0x75, 0x75, 0x10, 0x10, 0x10, 0x10, 0x4C, 0x4C,
	0x00, 0x00, 0x00, 0x00, 0x00, 0x00, 0x00, 0x00, 0x00, 0x00, 0x00, 0x00, 0x00, 0x00, 0x00, 0x00,
	0x00, 0x00, 0x00, 0x00, 0x00, 0x00, 0x00, 0x00, 0x00, 0x00, 0x00, 0x00, 0x00, 0x00, 0x00, 0x00,
	0x4C, 0x4C, 0x10, 0x10, 0x10, 0x10, 0x75, 0x75, 0x75, 0x75, 0x10, 0x10, 0x4C, 0x4C, 0x10, 0x10,
	0x10, 0x10, 0x10, 0x10, 0x10, 0x10, 0x10, 0x10, 0x00, 0x00, 0x00, 0x00, 0x4C, 0x4C, 0x9A, 0x9A,
	0x9A, 0x9A, 0x9A, 0x9A, 0x4C, 0x4C, 0x00, 0x00, 0x00, 0x00, 0x10, 0x10, 0x10, 0x10, 0x10, 0x10,
	0x10, 0x10, 0x10, 0x10, 0x4C, 0x4C, 0x10, 0x10, 0x75, 0x75, 0x75, 0x75, 0x10, 0x10, 0x10, 0x10,
	0x4C, 0x4C, 0x00, 0x00, 0x00, 0x00, 0x00, 0x00, 0x00, 0x00, 0x00, 0x00, 0x00, 0x00, 0x00, 0x00,
	0x00, 0x00, 0x00, 0x00, 0x00, 0x00, 0x00, 0x00, 0x00, 0x00, 0x00, 0x00, 0x00, 0x00, 0x00, 0x00,
	0x00, 0x00, 0x00, 0x00, 0x00, 0x00, 0x10, 0x10, 0x4C, 0x4C, 0x75, 0x75, 0x4C, 0x4C, 0x4C, 0x4C,
	0x00, 0x00, 0xFF, 0xFF, 0x65, 0x65, 0x00, 0x00, 0xFF, 0xFF, 0xEC, 0xEC, 0x10, 0x10, 0x4C, 0x4C,
	0x75, 0x75, 0x9A, 0x9A, 0x75, 0x75, 0x4C, 0x4C, 0x10, 0x10, 0xEC, 0xEC, 0xFF, 0xFF, 0x00, 0x00,
	0x65, 0x65, 0xFF, 0xFF, 0x00, 0x00, 0x4C, 0x4C, 0x4C, 0x4C, 0x75, 0x75, 0x4C, 0x4C, 0x10, 0x10,
	0x00, 0x00, 0x10, 0x10, 0x00, 0x00, 0x00, 0x00, 0x00, 0x00, 0x00, 0x00, 0x00, 0x00, 0x00, 0x00,
	0x00, 0x00, 0x00, 0x00, 0x00, 0x00, 0x00, 0x00, 0x00, 0x00, 0x00, 0x00, 0x00, 0x00, 0x00, 0x00,
	0x00, 0x00, 0x00, 0x00, 0x00, 0x00, 0x00, 0x00, 0x10, 0x10, 0x4C, 0x4C, 0x75, 0x75, 0x4C, 0x4C,
	0x4C, 0x4C, 0x00, 0x00, 0xFF, 0xFF, 0x65, 0x65, 0x00, 0x00, 0xFF, 0xFF, 0xEC, 0xEC, 0x10, 0x10,
	0x4C, 0x4C, 0x75, 0x75, 0x9A, 0x9A, 0x75, 0x75, 0x4C, 0x4C, 0x10, 0x10, 0xEC, 0xEC, 0xFF, 0xFF,
	0x00, 0x00, 0x65, 0x65, 0xFF, 0xFF, 0x00, 0x00, 0x4C, 0x4C, 0x4C, 0x4C, 0x75, 0x75, 0x4C, 0x4C,
	0x10, 0x10, 0x00, 0x00, 0x10, 0x10, 0x00, 0x00, 0x00, 0x00, 0x00, 0x00, 0x00, 0x00, 0x00, 0x00,
	0x00, 0x00, 0x00, 0x00, 0x00, 0x00, 0x00, 0x00, 0x00, 0x00, 0x00, 0x00, 0x00, 0x00, 0x00, 0x00,
	0x00, 0x00, 0x00, 0x00, 0x00, 0x00, 0x00, 0x00, 0x00, 0x00, 0x00, 0x00, 0x4C, 0x4C, 0x75, 0x75,
	0x4C, 0x4C, 0x75, 0x75, 0x75, 0x75, 0x75, 0x75, 0x75, 0x75, 0x75, 0x75, 0x4C, 0x4C, 0x10, 0x10,
	0x10, 0x10, 0x4C, 0x4C, 0x75, 0x75, 0x9A, 0x9A, 0x75, 0x75, 0x4C, 0x4C, 0x10, 0x10, 0x10, 0x10,
	0x4C, 0x4C, 0x75, 0x75, 0x75, 0x75, 0x4C, 0x4C, 0x75, 0x75, 0x75, 0x75, 0x4C, 0x4C, 0x75, 0x75,
	0x4C, 0x4C, 0x00, 0x00, 0x00, 0x00, 0x00, 0x00, 0x00, 0x00, 0x00, 0x00, 0x00, 0x00, 0x00, 0x00,
	0x00, 0x00, 0x00, 0x00, 0x00, 0x00, 0x00, 0x00, 0x00, 0x00, 0x00, 0x00, 0x00, 0x00, 0x00, 0x00,
	0x00, 0x00, 0x00, 0x00, 0x00, 0x00, 0x00, 0x00, 0x00, 0x00, 0x00, 0x00, 0x00, 0x00, 0x4C, 0x4C,
	0x75, 0x75, 0x4C, 0x4C, 0x75, 0x75, 0x75, 0x75, 0x75, 0x75, 0x75, 0x75, 0x75, 0x75, 0x4C, 0x4C,
	0x10, 0x10, 0x10, 0x10, 0x4C, 0x4C, 0x75, 0x75, 0x9A, 0x9A, 0x75, 0x75, 0x4C, 0x4C, 0x10, 0x10,
	0x10, 0x10, 0x4C, 0x4C, 0x75, 0x75, 0x75, 0x75, 0x4C, 0x4C, 0x75, 0x75, 0x75, 0x75, 0x4C, 0x4C,
	0x75, 0x75, 0x4C, 0x4C, 0x00, 0x00, 0x00, 0x00, 0x00, 0x00, 0x00, 0x00, 0x00, 0x00, 0x00, 0x00,
	0x00, 0x00, 0x00, 0x00, 0x00, 0x00, 0x00, 0x00, 0x00, 0x00, 0x00, 0x00, 0x00, 0x00, 0x00, 0x00,
	0x00, 0x00, 0x00, 0x00, 0x00, 0x00, 0x00, 0x00, 0x00, 0x00, 0x00, 0x00, 0x10, 0x10, 0x00, 0x00,
	0x10, 0x10, 0x4C, 0x4C, 0x75, 0x75, 0x75, 0x75, 0x4C, 0x4C, 0x75, 0x75, 0x4C, 0x4C, 0x4C, 0x4C,
	0x10, 0x10, 0x10, 0x10, 0x10, 0x10, 0x4C, 0x4C, 0x75, 0x75, 0x75, 0x75, 0x75, 0x75, 0x4C, 0x4C,
	0x10, 0x10, 0x10, 0x10, 0x10, 0x10, 0x4C, 0x4C, 0x4C, 0x4C, 0x10, 0x10, 0x4C, 0x4C, 0x75, 0x75,
	0x75, 0x75, 0x4C, 0x4C, 0x10, 0x10, 0x00, 0x00, 0x10, 0x10, 0x00, 0x00, 0x00, 0x00, 0x00, 0x00,
	0x00, 0x00, 0x00, 0x00, 0x00, 0x00, 0x00, 0x00, 0x00, 0x00, 0x00, 0x00, 0x00, 0x00, 0x00, 0x00,
	0x00, 0x00, 0x00, 0x00, 0x00, 0x00, 0x00, 0x00, 0x00, 0x00, 0x00, 0x00, 0x00, 0x00, 0x10, 0x10,
	0x00, 0x00, 0x10, 0x10, 0x4C, 0x4C, 0x75, 0x75, 0x75, 0x75, 0x4C, 0x4C, 0x75, 0x75, 0x4C, 0x4C,
	0x4C, 0x4C, 0x10, 0x10, 0x10, 0x10, 0x10, 0x10, 0x4C, 0x4C, 0x75, 0x75, 0x75, 0x75, 0x75, 0x75,
	0x4C, 0x4C, 0x10, 0x10, 0x10, 0x10, 0x10, 0x10, 0x4C, 0x4C, 0x4C, 0x4C, 0x10, 0x10, 0x4C, 0x4C,
	0x75, 0x75, 0x75, 0x75, 0x4C, 0x4C, 0x10, 0x10, 0x00, 0x00, 0x10, 0x10, 0x00, 0x00, 0x00, 0x00,
	0x00, 0x00, 0x00, 0x00, 0x00, 0x00, 0x00, 0x00, 0x00, 0x00, 0x00, 0x00, 0x00, 0x00, 0x00, 0x00,
	0x00, 0x00, 0x00, 0x00, 0x00, 0x00, 0x00, 0x00, 0x00, 0x00, 0x00, 0x00, 0x00, 0x00, 0x00, 0x00,
	0x00, 0x00, 0x00, 0x00, 0x00, 0x00, 0x10, 0x10, 0x75, 0x75, 0x75, 0x75, 0x75, 0x75, 0x75, 0x75,
	0x75, 0x75, 0x75, 0x75, 0x75, 0x75, 0x4C, 0x4C, 0x10, 0x10, 0x4C, 0x4C, 0x75, 0x75, 0x75, 0x75,
	0x75, 0x75, 0x4C, 0x4C, 0x10, 0x10, 0x4C, 0x4C, 0x75, 0x75, 0x75, 0x75, 0x75, 0x75, 0x4C, 0x4C,
	0x75, 0x75, 0x75, 0x75, 0x75, 0x75, 0x10, 0x10, 0x00, 0x00, 0x00, 0x00, 0x00, 0x00, 0x00, 0x00,
	0x00, 0x00, 0x00, 0x00, 0x00, 0x00, 0x00, 0x00, 0x00, 0x00, 0x00, 0x00, 0x00, 0x00, 0x00, 0x00,
	0x00, 0x00, 0x00, 0x00, 0x00, 0x00, 0x00, 0x00, 0x00, 0x00, 0x00, 0x00, 0x00, 0x00, 0x00, 0x00,
	0x00, 0x00, 0x00, 0x00, 0x00, 0x00, 0x00, 0x00, 0x10, 0x10, 0x75, 0x75, 0x75, 0x75, 0x75, 0x75,
	0x75, 0x75, 0x75, 0x75, 0x75, 0x75, 0x75, 0x75, 0x4C, 0x4C, 0x10, 0x10, 0x4C, 0x4C, 0x75, 0x75,
	0x75, 0x75, 0x75, 0x75, 0x4C, 0x4C, 0x10, 0x10, 0x4C, 0x4C, 0x75, 0x75, 0x75, 0x75, 0x75, 0x75,
	0x4C, 0x4C, 0x75, 0x75, 0x75, 0x75, 0x75, 0x75, 0x10, 0x10, 0x00, 0x00, 0x00, 0x00, 0x00, 0x00,
	0x00, 0x00, 0x00, 0x00, 0x00, 0x00, 0x00, 0x00, 0x00, 0x00, 0x00, 0x00, 0x00, 0x00, 0x00, 0x00,
	0x00, 0x00, 0x00, 0x00, 0x00, 0x00, 0x00, 0x00, 0x00, 0x00, 0x00, 0x00, 0x00, 0x00, 0x00, 0x00,
	0x00, 0x00, 0x00, 0x00, 0x00, 0x00, 0x10, 0x10, 0x00, 0x00, 0x10, 0x10, 0x4C, 0x4C, 0x75, 0x75,
	0x9A, 0x9A, 0x75, 0x75, 0x9A, 0x9A, 0x75, 0x75, 0x4C, 0x4C, 0x75, 0x75, 0x4C, 0x4C, 0x4C, 0x4C,
	0x9A, 0x9A, 0x75, 0x75, 0x9A, 0x9A, 0x4C, 0x4C, 0x4C, 0x4C, 0x75, 0x75, 0x4C, 0x4C, 0x75, 0x75,
	0x75, 0x75, 0x4C, 0x4C, 0x9A, 0x9A, 0x75, 0x75, 0x4C, 0x4C, 0x10, 0x10, 0x00, 0x00, 0x10, 0x10,
	0x00, 0x00, 0x00, 0x00, 0x00, 0x00, 0x00, 0x00, 0x00, 0x00, 0x00, 0x00, 0x00, 0x00, 0x00, 0x00,
	0x00, 0x00, 0x00, 0x00, 0x00, 0x00, 0x00, 0x00, 0x00, 0x00, 0x00, 0x00, 0x00, 0x00, 0x00, 0x00,
	0x00, 0x00, 0x00, 0x00, 0x00, 0x00, 0x00, 0x00, 0x10, 0x10, 0x00, 0x00, 0x10, 0x10, 0x4C, 0x4C,
	0x75, 0x75, 0x9A, 0x9A, 0x75, 0x75, 0x9A, 0x9A, 0x75, 0x75, 0x4C, 0x4C, 0x75, 0x75, 0x4C, 0x4C,
	0x4C, 0x4C, 0x9A, 0x9A, 0x75, 0x75, 0x9A, 0x9A, 0x4C, 0x4C, 0x4C, 0x4C, 0x75, 0x75, 0x4C, 0x4C,
	0x75, 0x75, 0x75, 0x75, 0x4C, 0x4C, 0x9A, 0x9A, 0x75, 0x75, 0x4C, 0x4C, 0x10, 0x10, 0x00, 0x00,
	0x10, 0x10, 0x00, 0x00, 0x00, 0x00, 0x00, 0x00, 0x00, 0x00, 0x00, 0x00, 0x00, 0x00, 0x00, 0x00,
	0x00, 0x00, 0x00, 0x00, 0x00, 0x00, 0x00, 0x00, 0x5F, 0x5F, 0x00, 0x00, 0x00, 0x00, 0x00, 0x00,
	0x00, 0x00, 0x00, 0x00, 0x00, 0x00, 0x00, 0x00, 0x00, 0x00, 0x00, 0x00, 0x00, 0x00, 0x00, 0x00,
	0x4C, 0x4C, 0x75, 0x75, 0x75, 0x75, 0x9A, 0x9A, 0x9A, 0x9A, 0x9A, 0x9A, 0x75, 0x75, 0x4C, 0x4C,
	0x4C, 0x4C, 0x4C, 0x4C, 0x75, 0x75, 0x9A, 0x9A, 0x75, 0x75, 0x4C, 0x4C, 0x4C, 0x4C, 0x4C, 0x4C,
	0x75, 0x75, 0x9A, 0x9A, 0x9A, 0x9A, 0x75, 0x75, 0x75, 0x75, 0x75, 0x75, 0x4C, 0x4C, 0x00, 0x00,
	0x00, 0x00, 0x00, 0x00, 0x00, 0x00, 0x00, 0x00, 0x00, 0x00, 0x00, 0x00, 0x00, 0x00, 0x00, 0x00,
	0x00, 0x00, 0x00, 0x00, 0x00, 0x00, 0x00, 0x00, 0x00, 0x00, 0x5F, 0x5F, 0x00, 0x00, 0x00, 0x00,
	0x00, 0x00, 0x00, 0x00, 0x00, 0x00, 0x00, 0x00, 0x00, 0x00, 0x00, 0x00, 0x00, 0x00, 0x00, 0x00,
	0x00, 0x00, 0x4C, 0x4C, 0x75, 0x75, 0x75, 0x75, 0x9A, 0x9A, 0x9A, 0x9A, 0x9A, 0x9A, 0x75, 0x75,
	0x4C, 0x4C, 0x4C, 0x4C, 0x4C, 0x4C, 0x75, 0x75, 0x9A, 0x9A, 0x75, 0x75, 0x4C, 0x4C, 0x4C, 0x4C,
	0x4C, 0x4C, 0x75, 0x75, 0x9A, 0x9A, 0x9A, 0x9A, 0x75, 0x75, 0x75, 0x75, 0x75, 0x75, 0x4C, 0x4C,
	0x00, 0x00, 0x00, 0x00, 0x00, 0x00, 0x00, 0x00, 0x00, 0x00, 0x00, 0x00, 0x00, 0x00, 0x00, 0x00,
	0x00, 0x00, 0x00, 0x00, 0x00, 0x00, 0x00, 0x00, 0x00, 0x00, 0x00, 0x00, 0x00, 0x00, 0x00, 0x00,
	0x00, 0x00, 0x00, 0x00, 0x00, 0x00, 0x00, 0x00, 0x00, 0x00, 0x00, 0x00, 0x00, 0x00, 0x00, 0x00,
	0x00, 0x00, 0x00, 0x00, 0x10, 0x10, 0x4C, 0x4C, 0x75, 0x75, 0x75, 0x75, 0x9A, 0x9A, 0x75, 0x75,
	0x4C, 0x4C, 0x10, 0x10, 0x75, 0x75, 0x4C, 0x4C, 0x9A, 0x9A, 0x9A, 0x9A, 0x9A, 0x9A, 0x4C, 0x4C,
	0x75, 0x75, 0x10, 0x10, 0x4C, 0x4C, 0x75, 0x75, 0x9A, 0x9A, 0x75, 0x75, 0x75, 0x75, 0x4C, 0x4C,
	0x10, 0x10, 0x00, 0x00, 0x00, 0x00, 0x00, 0x00, 0x00, 0x00, 0x00, 0x00, 0x00, 0x00, 0x00, 0x00,
	0x00, 0x00, 0x00, 0x00, 0x00, 0x00, 0x00, 0x00, 0x00, 0x00, 0x00, 0x00, 0x00, 0x00, 0x00, 0x00,
	0x00, 0x00, 0x00, 0x00, 0x00, 0x00, 0x00, 0x00, 0x00, 0x00, 0x00, 0x00, 0x00, 0x00, 0x00, 0x00,
	0x00, 0x00, 0x00, 0x00, 0x00, 0x00, 0x10, 0x10, 0x4C, 0x4C, 0x75, 0x75, 0x75, 0x75, 0x9A, 0x9A,
	0x75, 0x75, 0x4C, 0x4C, 0x10, 0x10, 0x75, 0x75, 0x4C, 0x4C, 0x9A, 0x9A, 0x9A, 0x9A, 0x9A, 0x9A,
	0x4C, 0x4C, 0x75, 0x75, 0x10, 0x10, 0x4C, 0x4C, 0x75, 0x75, 0x9A, 0x9A, 0x75, 0x75, 0x75, 0x75,
	0x4C, 0x4C, 0x10, 0x10, 0x00, 0x00, 0x00, 0x00, 0x00, 0x00, 0x00, 0x00, 0x00, 0x00, 0x00, 0x00,
	0x00, 0x00, 0x00, 0x00, 0x00, 0x00, 0x00, 0x00, 0x00, 0x00, 0x00, 0x00, 0x00, 0x00, 0x00, 0x00,
	0x00, 0x00, 0x00, 0x00, 0x00, 0x00, 0x00, 0x00, 0x00, 0x00, 0x00, 0x00, 0x00, 0x00, 0x00, 0x00,
	0x00, 0x00, 0x00, 0x00, 0x00, 0x00, 0x00, 0x00, 0x10, 0x10, 0x4C, 0x4C, 0x75, 0x75, 0x4C, 0x4C,
	0x75, 0x75, 0x4C, 0x4C, 0x75, 0x75, 0x4C, 0x4C, 0x75, 0x75, 0x75, 0x75, 0x9A, 0x9A, 0x9A, 0x9A,
	0x9A, 0x9A, 0x75, 0x75, 0x75, 0x75, 0x4C, 0x4C, 0x75, 0x75, 0x4C, 0x4C, 0x75, 0x75, 0x4C, 0x4C,
	0x75, 0x75, 0x4C, 0x4C, 0x10, 0x10, 0x00, 0x00, 0x00, 0x00, 0x00, 0x00, 0x00, 0x00, 0x00, 0x00,
	0x00, 0x00, 0x00, 0x00, 0x00, 0x00, 0x00, 0x00, 0x00, 0x00, 0x00, 0x00, 0x00, 0x00, 0x65, 0x65,
	0x00, 0x00, 0x00, 0x00, 0x00, 0x00, 0x00, 0x00, 0x00, 0x00, 0x00, 0x00, 0x00, 0x00, 0x00, 0x00,
	0x00, 0x00, 0x00, 0x00, 0x00, 0x00, 0x00, 0x00, 0x00, 0x00, 0x10, 0x10, 0x4C, 0x4C, 0x75, 0x75,
	0x4C, 0x4C, 0x75, 0x75, 0x4C, 0x4C, 0x75, 0x75, 0x4C, 0x4C, 0x75, 0x75, 0x75, 0x75, 0x9A, 0x9A,
	0x9A, 0x9A, 0x9A, 0x9A, 0x75, 0x75, 0x75, 0x75, 0x4C, 0x4C, 0x75, 0x75, 0x4C, 0x4C, 0x75, 0x75,
	0x4C, 0x4C, 0x75, 0x75, 0x4C, 0x4C, 0x10, 0x10, 0x00, 0x00, 0x00, 0x00, 0x00, 0x00, 0x00, 0x00,
	0x00, 0x00, 0x00, 0x00, 0x00, 0x00, 0x00, 0x00, 0x00, 0x00, 0x00, 0x00, 0x00, 0x00, 0x00, 0x00,
	0x65, 0x65, 0x00, 0x00, 0xFF, 0xFF, 0xFF, 0xFF, 0xFF, 0xFF, 0xFF, 0xFF, 0xFF, 0xFF, 0xFF, 0xFF,
	0x00, 0x00, 0x00, 0x00, 0x00, 0x00, 0x00, 0x00, 0x00, 0x00, 0x00, 0x00, 0x10, 0x10, 0x00, 0x00,
	0x4C, 0x4C, 0x75, 0x75, 0x4C, 0x4C, 0x75, 0x75, 0x4C, 0x4C, 0x10, 0x10, 0x00, 0x00, 0x4C, 0x4C,
	0x75, 0x75, 0x75, 0x75, 0x75, 0x75, 0x4C, 0x4C, 0x00, 0x00, 0x10, 0x10, 0x4C, 0x4C, 0x75, 0x75,
	0x4C, 0x4C, 0x75, 0x75, 0x4C, 0x4C, 0x00, 0x00, 0x10, 0x10, 0x00, 0x00, 0x00, 0x00, 0x00, 0x00,
	0x00, 0x00, 0x00, 0x00, 0x00, 0x00, 0xFF, 0xFF, 0xFF, 0xFF, 0xFF, 0xFF, 0xFF, 0xFF, 0xFF, 0xFF,
	0xFF, 0xFF, 0x22, 0x22, 0x00, 0x00, 0xFF, 0xFF, 0xFF, 0xFF, 0xFF, 0xFF, 0xFF, 0xFF, 0xFF, 0xFF,
	0xFF, 0xFF, 0x00, 0x00, 0x00, 0x00, 0x00, 0x00, 0x00, 0x00, 0x00, 0x00, 0x00, 0x00, 0x10, 0x10,
	0x00, 0x00, 0x4C, 0x4C, 0x75, 0x75, 0x4C, 0x4C, 0x75, 0x75, 0x4C, 0x4C, 0x10, 0x10, 0x00, 0x00,
	0x4C, 0x4C, 0x75, 0x75, 0x75, 0x75, 0x75, 0x75, 0x4C, 0x4C, 0x00, 0x00, 0x10, 0x10, 0x4C, 0x4C,
	0x75, 0x75, 0x4C, 0x4C, 0x75, 0x75, 0x4C, 0x4C, 0x00, 0x00, 0x10, 0x10, 0x00, 0x00, 0x00, 0x00,
	0x00, 0x00, 0x00, 0x00, 0x00, 0x00, 0x00, 0x00, 0xFF, 0xFF, 0xFF, 0xFF, 0xFF, 0xFF, 0xFF, 0xFF,
	0xFF, 0xFF, 0xFF, 0xFF, 0x22, 0x22, 0x00, 0x00, 0x22, 0x22, 0x22, 0x22, 0xFF, 0xFF, 0xFF, 0xFF,
	0xFF, 0xFF, 0xFF, 0xFF, 0x22, 0x22, 0x00, 0x00, 0x00, 0x00, 0x00, 0x00, 0x00, 0x00, 0x00, 0x00,
	0x10, 0x10, 0x00, 0x00, 0x00, 0x00, 0x4C, 0x4C, 0x4C, 0x4C, 0x4C, 0x4C, 0x10, 0x10, 0x10, 0x10,
	0x00, 0x00, 0x00, 0x00, 0x4C, 0x4C, 0x4C, 0x4C, 0x4C, 0x4C, 0x00, 0x00, 0x00, 0x00, 0x10, 0x10,
	0x10, 0x10, 0x4C, 0x4C, 0x4C, 0x4C, 0x4C, 0x4C, 0x00, 0x00, 0x00, 0x00, 0x10, 0x10, 0x00, 0x00,
	0x00, 0x00, 0x00, 0x00, 0x00, 0x00, 0x00, 0x00, 0x22, 0x22, 0xFF, 0xFF, 0xFF, 0xFF, 0xFF, 0xFF,
	0xFF, 0xFF, 0x22, 0x22, 0x22, 0x22, 0x22, 0x22, 0x00, 0x00, 0x22, 0x22, 0x22, 0x22, 0xFF, 0xFF,
	0xFF, 0xFF, 0xFF, 0xFF, 0xFF, 0xFF, 0x22, 0x22, 0x00, 0x00, 0x00, 0x00, 0x00, 0x00, 0x00, 0x00,
	0x00, 0x00, 0x10, 0x10, 0x00, 0x00, 0x00, 0x00, 0x4C, 0x4C, 0x4C, 0x4C, 0x4C, 0x4C, 0x10, 0x10,
	0x10, 0x10, 0x00, 0x00, 0x00, 0x00, 0x4C, 0x4C, 0x4C, 0x4C, 0x4C, 0x4C, 0x00, 0x00, 0x00, 0x00,
	0x10, 0x10, 0x10, 0x10, 0x4C, 0x4C, 0x4C, 0x4C, 0x4C, 0x4C, 0x00, 0x00, 0x00, 0x00, 0x10, 0x10,
	0x00, 0x00, 0x00, 0x00, 0x00, 0x00, 0x00, 0x00, 0x00, 0x00, 0x22, 0x22, 0xFF, 0xFF, 0xFF, 0xFF,
	0xFF, 0xFF, 0xFF, 0xFF, 0x22, 0x22, 0x22, 0x22, 0x22, 0x22, 0x00, 0x00, 0x22, 0x22, 0x22, 0x22,
	0xFF, 0xFF, 0xFF, 0xFF, 0xFF, 0xFF, 0xFF, 0xFF, 0x22, 0x22, 0x00, 0x00, 0x00, 0x00, 0x00, 0x00,
	0x00, 0x00, 0x00, 0x00, 0x10, 0x10, 0x00, 0x00, 0x10, 0x10, 0x10, 0x10, 0x10, 0x10, 0x10, 0x10,
	0x4C, 0x4C, 0x10, 0x10, 0x10, 0x10, 0x10, 0x10, 0x00, 0x00, 0x00, 0x00, 0x00, 0x00, 0x10, 0x10,
	0x10, 0x10, 0x10, 0x10, 0x4C, 0x4C, 0x10, 0x10, 0x10, 0x10, 0x10, 0x10, 0x10, 0x10, 0x00, 0x00,
	0x10, 0x10, 0x00, 0x00, 0x00, 0x00, 0x00, 0x00, 0x00, 0x00, 0x00, 0x00, 0x22, 0x22, 0xFF, 0xFF,
	0xFF, 0xFF, 0xFF, 0xFF, 0xFF, 0xFF, 0x22, 0x22, 0x22, 0x22, 0x22, 0x22, 0x00, 0x00, 0x22, 0x22,
	0x22, 0x22, 0xFF, 0xFF, 0xFF, 0xFF, 0xFF, 0xFF, 0xFF, 0xFF, 0x22, 0x22, 0x00, 0x00, 0x00, 0x00,
	0x00, 0x00, 0x00, 0x00, 0x00, 0x00, 0x10, 0x10, 0x00, 0x00, 0x10, 0x10, 0x10, 0x10, 0x10, 0x10,
	0x10, 0x10, 0x4C, 0x4C, 0x10, 0x10, 0x10, 0x10, 0x10, 0x10, 0x00, 0x00, 0x00, 0x00, 0x00, 0x00,
	0x10, 0x10, 0x10, 0x10, 0x10, 0x10, 0x4C, 0x4C, 0x10, 0x10, 0x10, 0x10, 0x10, 0x10, 0x10, 0x10,
	0x00, 0x00, 0x10, 0x10, 0x00, 0x00, 0x00, 0x00, 0x00, 0x00, 0x00, 0x00, 0x00, 0x00, 0x22, 0x22,
	0xFF, 0xFF, 0xFF, 0xFF, 0xFF, 0xFF, 0xFF, 0xFF, 0x22, 0x22, 0x22, 0x22, 0x22, 0x22, 0x00, 0x00,
	0x22, 0x22, 0x22, 0x22, 0x22, 0x22, 0xFF, 0xFF, 0x22, 0x22, 0xFF, 0xFF, 0x22, 0x22, 0x00, 0x00,
	0x00, 0x00, 0x00, 0x00, 0x00, 0x00, 0x00, 0x00, 0x10, 0x10, 0x10, 0x10, 0x10, 0x10, 0x10, 0x10,
	0x10, 0x10, 0x4C, 0x4C, 0x75, 0x75, 0x4C, 0x4C, 0x4C, 0x4C, 0x4C, 0x4C, 0x10, 0x10, 0x10, 0x10,
	0x10, 0x10, 0x4C, 0x4C, 0x4C, 0x4C, 0x4C, 0x4C, 0x75, 0x75, 0x4C, 0x4C, 0x10, 0x10, 0x10, 0x10,
	0x10, 0x10, 0x10, 0x10, 0x10, 0x10, 0x00, 0x00, 0x00, 0x00, 0x00, 0x00, 0x00, 0x00, 0x00, 0x00,
	0x22, 0x22, 0xFF, 0xFF, 0x22, 0x22, 0xFF, 0xFF, 0x22, 0x22, 0x22, 0x22, 0x22, 0x22, 0xEC, 0xEC,
	0x00, 0x00, 0x22, 0x22, 0x22, 0x22, 0x22, 0x22, 0xFF, 0xFF, 0x22, 0x22, 0xFF, 0xFF, 0x22, 0x22,
	0x00, 0x00, 0x00, 0x00, 0x00, 0x00, 0x00, 0x00, 0x00, 0x00, 0x10, 0x10, 0x10, 0x10, 0x10, 0x10,
	0x10, 0x10, 0x10, 0x10, 0x4C, 0x4C, 0x75, 0x75, 0x4C, 0x4C, 0x4C, 0x4C, 0x4C, 0x4C, 0x10, 0x10,
	0x10, 0x10, 0x10, 0x10, 0x4C, 0x4C, 0x4C, 0x4C, 0x4C, 0x4C, 0x75, 0x75, 0x4C, 0x4C, 0x10, 0x10,
	0x10, 0x10, 0x10, 0x10, 0x10, 0x10, 0x10, 0x10, 0x00, 0x00, 0x00, 0x00, 0x00, 0x00, 0x00, 0x00,
	0x00, 0x00, 0x22, 0x22, 0xFF, 0xFF, 0x22, 0x22, 0xFF, 0xFF, 0x22, 0x22, 0x22, 0x22, 0x22, 0x22,
	0xEC, 0xEC, 0x00, 0x00, 0x22, 0x22, 0x22, 0x22, 0x22, 0x22, 0x22, 0x22, 0x22, 0x22, 0xFF, 0xFF,
	0x22, 0x22, 0x00, 0x00, 0x00, 0x00, 0x00, 0x00, 0x00, 0x00, 0x00, 0x00, 0x10, 0x10, 0x4C, 0x4C,
	0x10, 0x10, 0x10, 0x10, 0x4C, 0x4C, 0x75, 0x75, 0x4C, 0x4C, 0x75, 0x75, 0x4C, 0x4C, 0x4C, 0x4C,
	0x4C, 0x4C, 0x4C, 0x4C, 0x4C, 0x4C, 0x4C, 0x4C, 0x4C, 0x4C, 0x75, 0x75, 0x4C, 0x4C, 0x75, 0x75,
	0x4C, 0x4C, 0x10, 0x10, 0x10, 0x10, 0x4C, 0x4C, 0x10, 0x10, 0x00, 0x00, 0x00, 0x00, 0x00, 0x00,
	0x00, 0x00, 0x00, 0x00, 0x22, 0x22, 0xFF, 0xFF, 0x22, 0x22, 0x22, 0x22, 0x22, 0x22, 0x22, 0x22,
	0x22, 0x22, 0x22, 0x22, 0x00, 0x00, 0x22, 0x22, 0x22, 0x22, 0x22, 0x22, 0x22, 0x22, 0x22, 0x22,
	0xFF, 0xFF, 0x22, 0x22, 0x00, 0x00, 0x00, 0x00, 0x00, 0x00, 0x00, 0x00, 0x00, 0x00, 0x10, 0x10,
	0x4C, 0x4C, 0x10, 0x10, 0x10, 0x10, 0x4C, 0x4C, 0x75, 0x75, 0x4C, 0x4C, 0x75, 0x75, 0x4C, 0x4C,
	0x4C, 0x4C, 0x4C, 0x4C, 0x4C, 0x4C, 0x4C, 0x4C, 0x4C, 0x4C, 0x4C, 0x4C, 0x75, 0x75, 0x4C, 0x4C,
	0x75, 0x75, 0x4C, 0x4C, 0x10, 0x10, 0x10, 0x10, 0x4C, 0x4C, 0x10, 0x10, 0x00, 0x00, 0x00, 0x00,
	0x00, 0x00, 0x00, 0x00, 0x00, 0x00, 0x22, 0x22, 0xFF, 0xFF, 0x22, 0x22, 0x22, 0x22, 0x22, 0x22,
	0x22, 0x22, 0x22, 0x22, 0x22, 0x22, 0x00, 0x00, 0x22, 0x22, 0x22, 0x22, 0x22, 0x22, 0x22, 0x22,
	0x22, 0x22, 0x22, 0x22, 0x22, 0x22, 0x00, 0x00, 0x00, 0x00, 0x00, 0x00, 0x00, 0x00, 0x00, 0x00,
	0x00, 0x00, 0x4C, 0x4C, 0x00, 0x00, 0x10, 0x10, 0x75, 0x75, 0x75, 0x75, 0x75, 0x75, 0x75, 0x75,
	0x75, 0x75, 0x75, 0x75, 0x75, 0x75, 0x75, 0x75, 0x75, 0x75, 0x75, 0x75, 0x75, 0x75, 0x75, 0x75,
	0x75, 0x75, 0x75, 0x75, 0x75, 0x75, 0x10, 0x10, 0x00, 0x00, 0x4C, 0x4C, 0x00, 0x00, 0x00, 0x00,
	0x00, 0x00, 0x00, 0x00, 0x00, 0x00, 0x00, 0x00, 0x22, 0x22, 0x22, 0x22, 0x22, 0x22, 0x22, 0x22,
	0x22, 0x22, 0x22, 0x22, 0x22, 0x22, 0xEC, 0xEC, 0x00, 0x00, 0x22, 0x22, 0x22, 0x22, 0x22, 0x22,
	0x22, 0x22, 0x22, 0x22, 0x22, 0x22, 0x22, 0x22, 0x00, 0x00, 0x00, 0x00, 0x00, 0x00, 0x00, 0x00,
	0x00, 0x00, 0x00, 0x00, 0x4C, 0x4C, 0x00, 0x00, 0x10, 0x10, 0x75, 0x75, 0x75, 0x75, 0x75, 0x75,
	0x75, 0x75, 0x75, 0x75, 0x75, 0x75, 0x75, 0x75, 0x75, 0x75, 0x75, 0x75, 0x75, 0x75, 0x75, 0x75,
	0x75, 0x75, 0x75, 0x75, 0x75, 0x75, 0x75, 0x75, 0x10, 0x10, 0x00, 0x00, 0x4C, 0x4C, 0x00, 0x00,
	0x00, 0x00, 0x00, 0x00, 0x00, 0x00, 0x00, 0x00, 0x00, 0x00, 0x22, 0x22, 0x22, 0x22, 0x22, 0x22,
	0x22, 0x22, 0x22, 0x22, 0x22, 0x22, 0x22, 0x22, 0xEC, 0xEC, 0x00, 0x00, 0x22, 0x22, 0x22, 0x22,
	0x22, 0x22, 0x22, 0x22, 0x22, 0x22, 0x22, 0x22, 0x22, 0x22, 0x00, 0x00, 0x00, 0x00, 0x00, 0x00,
	0x00, 0x00, 0x00, 0x00, 0x00, 0x00, 0x4C, 0x4C, 0x00, 0x00, 0x4C, 0x4C, 0x75, 0x75, 0x4C, 0x4C,
	0x10, 0x10, 0x10, 0x10, 0x75, 0x75, 0x75, 0x75, 0x9A, 0x9A, 0x75, 0x75, 0x9A, 0x9A, 0x75, 0x75,
	0x75, 0x75, 0x10, 0x10, 0x10, 0x10, 0x4C, 0x4C, 0x75, 0x75, 0x4C, 0x4C, 0x00, 0x00, 0x4C, 0x4C,
	0x00, 0x00, 0x00, 0x00, 0x00, 0x00, 0x00, 0x00, 0x00, 0x00, 0x00, 0x00, 0x22, 0x22, 0x22, 0x22,
	0x22, 0x22, 0x22, 0x22, 0x22, 0x22, 0x22, 0x22, 0x22, 0x22, 0xEC, 0xEC, 0x00, 0x00, 0x22, 0x22,
	0x22, 0x22, 0x22, 0x22, 0x22, 0x22, 0x22, 0x22, 0x22, 0x22, 0x22, 0x22, 0x00, 0x00, 0x00, 0x00,
	0x00, 0x00, 0x00, 0x00, 0x00, 0x00, 0x00, 0x00, 0x4C, 0x4C, 0x00, 0x00, 0x4C, 0x4C, 0x75, 0x75,
	0x4C, 0x4C, 0x10, 0x10, 0x10, 0x10, 0x75, 0x75, 0x75, 0x75, 0x9A, 0x9A, 0x75, 0x75, 0x9A, 0x9A,
	0x75, 0x75, 0x75, 0x75, 0x10, 0x10, 0x10, 0x10, 0x4C, 0x4C, 0x75, 0x75, 0x4C, 0x4C, 0x00, 0x00,
	0x4C, 0x4C, 0x00, 0x00, 0x00, 0x00, 0x00, 0x00, 0x00, 0x00, 0x00, 0x00, 0x00, 0x00, 0x22, 0x22,
	0x22, 0x22, 0x22, 0x22, 0x22, 0x22, 0x22, 0x22, 0x22, 0x22, 0x22, 0x22, 0xEC, 0xEC, 0x00, 0x00,
	0x22, 0x22, 0x22, 0x22, 0x22, 0x22, 0x22, 0x22, 0x22, 0x22, 0x22, 0x22, 0x22, 0x22, 0x00, 0x00,
	0x00, 0x00, 0x00, 0x00, 0x00, 0x00, 0x00, 0x00, 0x00, 0x00, 0x10, 0x10, 0x10, 0x10, 0x4C, 0x4C,
	0x75, 0x75, 0x75, 0x75, 0x4C, 0x4C, 0x10, 0x10, 0x4C, 0x4C, 0x10, 0x10, 0x10, 0x10, 0x10, 0x10,
	0x10, 0x10, 0x10, 0x10, 0x4C, 0x4C, 0x10, 0x10, 0x4C, 0x4C, 0x75, 0x75, 0x75, 0x75, 0x4C, 0x4C,
	0x10, 0x10, 0x10, 0x10, 0x00, 0x00, 0x00, 0x00, 0x00, 0x00, 0x00, 0x00, 0x00, 0x00, 0x00, 0x00,
	0x22, 0x22, 0x22, 0x22, 0x22, 0x22, 0x22, 0x22, 0x22, 0x22, 0x22, 0x22, 0x22, 0x22, 0xEC, 0xEC,
	0x00, 0x00, 0x22, 0x22, 0x22, 0x22, 0x22, 0x22, 0x22, 0x22, 0x22, 0x22, 0x22, 0x22, 0x22, 0x22,
	0x00, 0x00, 0x00, 0x00, 0x00, 0x00, 0x00, 0x00, 0x00, 0x00, 0x00, 0x00, 0x10, 0x10, 0x10, 0x10,
	0x4C, 0x4C, 0x75, 0x75, 0x75, 0x75, 0x4C, 0x4C, 0x10, 0x10, 0x4C, 0x4C, 0x10, 0x10, 0x10, 0x10,
	0x10, 0x10, 0x10, 0x10, 0x10, 0x10, 0x4C, 0x4C, 0x10, 0x10, 0x4C, 0x4C, 0x75, 0x75, 0x75, 0x75,
	0x4C, 0x4C, 0x10, 0x10, 0x10, 0x10, 0x00, 0x00, 0x00, 0x00, 0x00, 0x00, 0x00, 0x00, 0x00, 0x00,
	0x00, 0x00, 0x22, 0x22, 0x22, 0x22, 0x22, 0x22, 0x22, 0x22, 0x22, 0x22, 0x22, 0x22, 0x22, 0x22,
	0xEC, 0xEC, 0x00, 0x00, 0xEC, 0xEC, 0x22, 0x22, 0x22, 0x22, 0x22, 0x22, 0x22, 0x22, 0x22, 0x22,
	0x22, 0x22, 0x00, 0x00, 0x00, 0x00, 0x00, 0x00, 0x00, 0x00, 0x00, 0x00, 0x10, 0x10, 0x00, 0x00,
	0x4C, 0x4C, 0x00, 0x00, 0x4C, 0x4C, 0x75, 0x75, 0x75, 0x75, 0x9A, 0x9A, 0x75, 0x75, 0x9A, 0x9A,
	0x9A, 0x9A, 0x9A, 0x9A, 0x9A, 0x9A, 0x9A, 0x9A, 0x75, 0x75, 0x9A, 0x9A, 0x75, 0x75, 0x75, 0x75,
	0x4C, 0x4C, 0x00, 0x00, 0x4C, 0x4C, 0x00, 0x00, 0x10, 0x10, 0x00, 0x00, 0x00, 0x00, 0x00, 0x00,
	0x00, 0x00, 0x00, 0x00, 0x22, 0x22, 0x22, 0x22, 0x22, 0x22, 0x22, 0x22, 0x22, 0x22, 0x22, 0x22,
	0xEC, 0xEC, 0xEC, 0xEC, 0x00, 0x00, 0xEC, 0xEC, 0x22, 0x22, 0x22, 0x22, 0x22, 0x22, 0x22, 0x22,
	0x22, 0x22, 0x22, 0x22, 0x00, 0x00, 0x00, 0x00, 0x00, 0x00, 0x00, 0x00, 0x00, 0x00, 0x10, 0x10,
	0x00, 0x00, 0x4C, 0x4C, 0x00, 0x00, 0x4C, 0x4C, 0x75, 0x75, 0x75, 0x75, 0x9A, 0x9A, 0x75, 0x75,
	0x9A, 0x9A, 0x9A, 0x9A, 0x9A, 0x9A, 0x9A, 0x9A, 0x9A, 0x9A, 0x75, 0x75, 0x9A, 0x9A, 0x75, 0x75,
	0x75, 0x75, 0x4C, 0x4C, 0x00, 0x00, 0x4C, 0x4C, 0x00, 0x00, 0x10, 0x10, 0x00, 0x00, 0x00, 0x00,
	0x00, 0x00, 0x00, 0x00, 0x00, 0x00, 0x22, 0x22, 0x22, 0x22, 0x22, 0x22, 0x22, 0x22, 0x22, 0x22,
	0x22, 0x22, 0xEC, 0xEC, 0xEC, 0xEC, 0x00, 0x00, 0x22, 0x22, 0x22, 0x22, 0x22, 0x22, 0x22, 0x22,
	0x22, 0x22, 0x22, 0x22, 0x22, 0x22, 0x00, 0x00, 0x0C, 0x0C, 0x0C, 0x0C, 0x01, 0x01, 0x00, 0x00,
	0x10, 0x10, 0x00, 0x00, 0x10, 0x10, 0x00, 0x00, 0x10, 0x10, 0x75, 0x75, 0x75, 0x75, 0x75, 0x75,
	0x4C, 0x4C, 0x75, 0x75, 0x75, 0x75, 0x9A, 0x9A, 0x75, 0x75, 0x75, 0x75, 0x4C, 0x4C, 0x75, 0x75,
	0x75, 0x75, 0x75, 0x75, 0x10, 0x10, 0x00, 0x00, 0x10, 0x10, 0x00, 0x00, 0x10, 0x10, 0x00, 0x00,
	0x01, 0x01, 0x0C, 0x0C, 0x0C, 0x0C, 0x00, 0x00, 0x22, 0x22, 0x22, 0x22, 0x22, 0x22, 0x22, 0x22,
	0x22, 0x22, 0x22, 0x22, 0x22, 0x22, 0xEC, 0xEC, 0x00, 0x00, 0x22, 0x22, 0x22, 0x22, 0x22, 0x22,
	0x22, 0x22, 0x22, 0x22, 0x22, 0x22, 0x22, 0x22, 0x00, 0x00, 0x0C, 0x0C, 0x0C, 0x0C, 0x01, 0x01,
	0x00, 0x00, 0x10, 0x10, 0x00, 0x00, 0x10, 0x10, 0x00, 0x00, 0x10, 0x10, 0x75, 0x75, 0x75, 0x75,
	0x75, 0x75, 0x4C, 0x4C, 0x75, 0x75, 0x75, 0x75, 0x9A, 0x9A, 0x75, 0x75, 0x75, 0x75, 0x4C, 0x4C,
	0x75, 0x75, 0x75, 0x75, 0x75, 0x75, 0x10, 0x10, 0x00, 0x00, 0x10, 0x10, 0x00, 0x00, 0x10, 0x10,
	0x00, 0x00, 0x01, 0x01, 0x0C, 0x0C, 0x0C, 0x0C, 0x00, 0x00, 0x22, 0x22, 0x22, 0x22, 0x22, 0x22,
	0x22, 0x22, 0x22, 0x22, 0x22, 0x22, 0x22, 0x22, 0xEC, 0xEC, 0x00, 0x00, 0x22, 0x22, 0x22, 0x22,
	0x22, 0x22, 0x22, 0x22, 0x22, 0x22, 0x22, 0x22, 0x22, 0x22, 0x0C, 0x0C, 0x0C, 0x0C, 0x01, 0x01,
	0xCE, 0xCE, 0x10, 0x10, 0x4C, 0x4C, 0x00, 0x00, 0x00, 0x00, 0x10, 0x10, 0x10, 0x10, 0x4C, 0x4C,
	0x75, 0x75, 0x75, 0x75, 0x75, 0x75, 0x75, 0x75, 0x4C, 0x4C, 0x4C, 0x4C, 0x4C, 0x4C, 0x75, 0x75,
	0x75, 0x75, 0x75, 0x75, 0x75, 0x75, 0x4C, 0x4C, 0x10, 0x10, 0x10, 0x10, 0x00, 0x00, 0x00, 0x00,
	0x4C, 0x4C, 0x10, 0x10, 0xCE, 0xCE, 0x01, 0x01, 0x0C, 0x0C, 0x0C, 0x0C, 0x22, 0x22, 0x22, 0x22,
	0x22, 0x22, 0x22, 0x22, 0x22, 0x22, 0x22, 0x22, 0x22, 0x22, 0x22, 0x22, 0x00, 0x00, 0x22, 0x22,
	0x22, 0x22, 0x22, 0x22, 0x22, 0x22, 0x22, 0x22, 0x22, 0x22, 0x22, 0x22, 0x0C, 0x0C, 0x0C, 0x0C,
	0x01, 0x01, 0xCE, 0xCE, 0x10, 0x10, 0x4C, 0x4C, 0x00, 0x00, 0x00, 0x00, 0x10, 0x10, 0x10, 0x10,
	0x4C, 0x4C, 0x75, 0x75, 0x75, 0x75, 0x75, 0x75, 0x75, 0x75, 0x4C, 0x4C, 0x4C, 0x4C, 0x4C, 0x4C,
	0x75, 0x75, 0x75, 0x75, 0x75, 0x75, 0x75, 0x75, 0x4C, 0x4C, 0x10, 0x10, 0x10, 0x10, 0x00, 0x00,
	0x00, 0x00, 0x4C, 0x4C, 0x10, 0x10, 0xCE, 0xCE, 0x01, 0x01, 0x0C, 0x0C, 0x0C, 0x0C, 0x22, 0x22,
	0x22, 0x22, 0x22, 0x22, 0x22, 0x22, 0x22, 0x22, 0x22, 0x22, 0x22, 0x22, 0x22, 0x22, 0x00, 0x00,
	0x22, 0x22, 0x22, 0x22, 0x22, 0x22, 0x22, 0x22, 0x22, 0x22, 0x22, 0x22, 0x22, 0x22, 0x0C, 0x0C,
	0x0C, 0x0C, 0xCE, 0xCE, 0x01, 0x01, 0x00, 0x00, 0x4C, 0x4C, 0x4C, 0x4C, 0x00, 0x00, 0x10, 0x10,
	0x00, 0x00, 0x75, 0x75, 0x4C, 0x4C, 0x75, 0x75, 0x75, 0x75, 0x75, 0x75, 0x75, 0x75, 0x4C, 0x4C,
	0x75, 0x75, 0x75, 0x75, 0x75, 0x75, 0x75, 0x75, 0x4C, 0x4C, 0x75, 0x75, 0x00, 0x00, 0x10, 0x10,
	0x00, 0x00, 0x4C, 0x4C, 0x4C, 0x4C, 0x00, 0x00, 0x01, 0x01, 0xCE, 0xCE, 0x0C, 0x0C, 0x0C, 0x0C,
	0x22, 0x22, 0x22, 0x22, 0x22, 0x22, 0x22, 0x22, 0x22, 0x22, 0x22, 0x22, 0x22, 0x22, 0xEC, 0xEC,
	0x00, 0x00, 0x22, 0x22, 0x22, 0x22, 0x22, 0x22, 0x22, 0x22, 0x22, 0x22, 0x22, 0x22, 0x22, 0x22,
	0x0C, 0x0C, 0x0C, 0x0C, 0xCE, 0xCE, 0x01, 0x01, 0x00, 0x00, 0x4C, 0x4C, 0x4C, 0x4C, 0x00, 0x00,
	0x10, 0x10, 0x00, 0x00, 0x75, 0x75, 0x4C, 0x4C, 0x75, 0x75, 0x75, 0x75, 0x75, 0x75, 0x75, 0x75,
	0x4C, 0x4C, 0x75, 0x75, 0x75, 0x75, 0x75, 0x75, 0x75, 0x75, 0x4C, 0x4C, 0x75, 0x75, 0x00, 0x00,
	0x10, 0x10, 0x00, 0x00, 0x4C, 0x4C, 0x4C, 0x4C, 0x00, 0x00, 0x01, 0x01, 0xCE, 0xCE, 0x0C, 0x0C,
	0x0C, 0x0C, 0x22, 0x22, 0x22, 0x22, 0x22, 0x22, 0x22, 0x22, 0x22, 0x22, 0x22, 0x22, 0x22, 0x22,
	0xEC, 0xEC, 0x00, 0x00, 0x22, 0x22, 0x22, 0x22, 0x22, 0x22, 0x22, 0x22, 0x22, 0x22, 0x22, 0x22,
	0x22, 0x22, 0x0C, 0x0C, 0xEC, 0xEC, 0x01, 0x01, 0xCE, 0xCE, 0x10, 0x10, 0x00, 0x00, 0x4C, 0x4C,
	0x00, 0x00, 0x00, 0x00, 0x10, 0x10, 0x10, 0x10, 0x4C, 0x4C, 0x75, 0x75, 0x4C, 0x4C, 0x75, 0x75,
	0x75, 0x75, 0x75, 0x75, 0x75, 0x75, 0x75, 0x75, 0x4C, 0x4C, 0x75, 0x75, 0x4C, 0x4C, 0x10, 0x10,
	0x10, 0x10, 0x00, 0x00, 0x00, 0x00, 0x4C, 0x4C, 0x00, 0x00, 0x10, 0x10, 0xCE, 0xCE, 0x01, 0x01,
	0xEC, 0xEC, 0x0C, 0x0C, 0x22, 0x22, 0x22, 0x22, 0x22, 0x22, 0x22, 0x22, 0x22, 0x22, 0x22, 0x22,
	0x22, 0x22, 0xEC, 0xEC, 0x00, 0x00, 0x22, 0x22, 0x22, 0x22, 0x22, 0x22, 0x22, 0x22, 0x22, 0x22,
	0x22, 0x22, 0x22, 0x22, 0x0C, 0x0C, 0xEC, 0xEC, 0x01, 0x01, 0xCE, 0xCE, 0x10, 0x10, 0x00, 0x00,
	0x4C, 0x4C, 0x00, 0x00, 0x00, 0x00, 0x10, 0x10, 0x10, 0x10, 0x4C, 0x4C, 0x75, 0x75, 0x4C, 0x4C,
	0x75, 0x75, 0x75, 0x75, 0x75, 0x75, 0x75, 0x75, 0x75, 0x75, 0x4C, 0x4C, 0x75, 0x75, 0x4C, 0x4C,
	0x10, 0x10, 0x10, 0x10, 0x00, 0x00, 0x00, 0x00, 0x4C, 0x4C, 0x00, 0x00, 0x10, 0x10, 0xCE, 0xCE,
	0x01, 0x01, 0xEC, 0xEC, 0x0C, 0x0C, 0x22, 0x22, 0x22, 0x22, 0x22, 0x22, 0x22, 0x22, 0x22, 0x22,
	0x22, 0x22, 0x22, 0x22, 0xEC, 0xEC, 0x00, 0x00, 0x22, 0x22, 0x22, 0x22, 0x22, 0x22, 0x22, 0x22,
	0x22, 0x22, 0x22, 0x22, 0xFF, 0xFF, 0x0C, 0x0C, 0xEC, 0xEC, 0xCE, 0xCE, 0x01, 0x01, 0x10, 0x10,
	0x00, 0x00, 0x00, 0x00, 0x4C, 0x4C, 0x00, 0x00, 0x10, 0x10, 0x00, 0x00, 0x10, 0x10, 0x4C, 0x4C,
	0x75, 0x75, 0x4C, 0x4C, 0x75, 0x75, 0x4C, 0x4C, 0x75, 0x75, 0x4C, 0x4C, 0x75, 0x75, 0x4C, 0x4C,
	0x10, 0x10, 0x00, 0x00, 0x10, 0x10, 0x00, 0x00, 0x4C, 0x4C, 0x00, 0x00, 0x00, 0x00, 0x10, 0x10,
	0x01, 0x01, 0xCE, 0xCE, 0xEC, 0xEC, 0x0C, 0x0C, 0xFF, 0xFF, 0x22, 0x22, 0x22, 0x22, 0x22, 0x22,
	0x22, 0x22, 0x22, 0x22, 0x22, 0x22, 0x22, 0x22, 0x00, 0x00, 0x22, 0x22, 0x22, 0x22, 0x22, 0x22,
	0x22, 0x22, 0x22, 0x22, 0x22, 0x22, 0xFF, 0xFF, 0x0C, 0x0C, 0xEC, 0xEC, 0xCE, 0xCE, 0x01, 0x01,
	0x10, 0x10, 0x00, 0x00, 0x00, 0x00, 0x4C, 0x4C, 0x00, 0x00, 0x10, 0x10, 0x00, 0x00, 0x10, 0x10,
	0x4C, 0x4C, 0x75, 0x75, 0x4C, 0x4C, 0x75, 0x75, 0x4C, 0x4C, 0x75, 0x75, 0x4C, 0x4C, 0x75, 0x75,
	0x4C, 0x4C, 0x10, 0x10, 0x00, 0x00, 0x10, 0x10, 0x00, 0x00, 0x4C, 0x4C, 0x00, 0x00, 0x00, 0x00,
	0x10, 0x10, 0x01, 0x01, 0xCE, 0xCE, 0xEC, 0xEC, 0x0C, 0x0C, 0xFF, 0xFF, 0x22, 0x22, 0x22, 0x22,
	0x22, 0x22, 0x22, 0x22, 0x22, 0x22, 0x22, 0x22, 0x22, 0x22, 0x00, 0x00, 0x22, 0x22, 0x22, 0x22,
	0x8A, 0x8A, 0x22, 0x22, 0x22, 0x22, 0x22, 0x22, 0x22, 0x22, 0xEC, 0xEC, 0xEC, 0xEC, 0x01, 0x01,
	0xFF, 0xFF, 0xCE, 0xCE, 0x00, 0x00, 0x00, 0x00, 0x00, 0x00, 0x00, 0x00, 0x00, 0x00, 0x00, 0x00,
	0x10, 0x10, 0x10, 0x10, 0x10, 0x10, 0x4C, 0x4C, 0x4C, 0x4C, 0x75, 0x75, 0x4C, 0x4C, 0x4C, 0x4C,
	0x10, 0x10, 0x10, 0x10, 0x10, 0x10, 0x00, 0x00, 0x00, 0x00, 0x00, 0x00, 0x00, 0x00, 0x00, 0x00,
	0x00, 0x00, 0xCE, 0xCE, 0xFF, 0xFF, 0x01, 0x01, 0xEC, 0xEC, 0xEC, 0xEC, 0x22, 0x22, 0x22, 0x22,
	0x22, 0x22, 0x22, 0x22, 0x8A, 0x8A, 0x22, 0x22, 0x22, 0x22, 0x22, 0x22, 0x00, 0x00, 0x22, 0x22,
	0x22, 0x22, 0x8A, 0x8A, 0x22, 0x22, 0x22, 0x22, 0x22, 0x22, 0x22, 0x22, 0xEC, 0xEC, 0xEC, 0xEC,
	0x01, 0x01, 0xFF, 0xFF, 0xCE, 0xCE, 0x00, 0x00, 0x00, 0x00, 0x00, 0x00, 0x00, 0x00, 0x00, 0x00,
	0x00, 0x00, 0x10, 0x10, 0x10, 0x10, 0x10, 0x10, 0x4C, 0x4C, 0x4C, 0x4C, 0x75, 0x75, 0x4C, 0x4C,
	0x4C, 0x4C, 0x10, 0x10, 0x10, 0x10, 0x10, 0x10, 0x00, 0x00, 0x00, 0x00, 0x00, 0x00, 0x00, 0x00,
	0x00, 0x00, 0x00, 0x00, 0xCE, 0xCE, 0xFF, 0xFF, 0x01, 0x01, 0xEC, 0xEC, 0xEC, 0xEC, 0x22, 0x22,
	0x22, 0x22, 0x22, 0x22, 0x22, 0x22, 0x8A, 0x8A, 0x22, 0x22, 0x22, 0x22, 0x22, 0x22, 0x00, 0x00,
	0x8A, 0x8A, 0x8A, 0x8A, 0x8A, 0x8A, 0x65, 0x65, 0x65, 0x65, 0x22, 0x22, 0xFF, 0xFF, 0xEC, 0xEC,
	0x22, 0x22, 0x01, 0x01, 0xCE, 0xCE, 0x10, 0x10, 0x10, 0x10, 0x00, 0x00, 0x00, 0x00, 0x00, 0x00,
	0x00, 0x00, 0x00, 0x00, 0x00, 0x00, 0x00, 0x00, 0x10, 0x10, 0x4C, 0x4C, 0x10, 0x10, 0x10, 0x10,
	0x10, 0x10, 0x10, 0x10, 0x10, 0x10, 0x00, 0x00, 0x00, 0x00, 0x00, 0x00, 0x00, 0x00, 0x00, 0x00,
	0x00, 0x00, 0x00, 0x00, 0x10, 0x10, 0x10, 0x10, 0xCE, 0xCE, 0x01, 0x01, 0x22, 0x22, 0xEC, 0xEC,
	0xFF, 0xFF, 0x22, 0x22, 0x8A, 0x8A, 0x8A, 0x8A, 0x8A, 0x8A, 0x65, 0x65, 0x65, 0x65, 0x22, 0x22,
	0x00, 0x00, 0x8A, 0x8A, 0x8A, 0x8A, 0x8A, 0x8A, 0x65, 0x65, 0x65, 0x65, 0x22, 0x22, 0xFF, 0xFF,
	0xEC, 0xEC, 0x22, 0x22, 0x01, 0x01, 0xCE, 0xCE, 0x10, 0x10, 0x10, 0x10, 0x00, 0x00, 0x00, 0x00,
	0x00, 0x00, 0x00, 0x00, 0x00, 0x00, 0x00, 0x00, 0x00, 0x00, 0x10, 0x10, 0x4C, 0x4C, 0x10, 0x10,
	0x10, 0x10, 0x10, 0x10, 0x10, 0x10, 0x10, 0x10, 0x00, 0x00, 0x00, 0x00, 0x00, 0x00, 0x00, 0x00,
	0x00, 0x00, 0x00, 0x00, 0x00, 0x00, 0x10, 0x10, 0x10, 0x10, 0xCE, 0xCE, 0x01, 0x01, 0x22, 0x22,
	0xEC, 0xEC, 0xFF, 0xFF, 0x22, 0x22, 0x8A, 0x8A, 0x8A, 0x8A, 0x8A, 0x8A, 0x65, 0x65, 0x65, 0x65,
	0x22, 0x22, 0x00, 0x00, 0x22, 0x22, 0x5F, 0x5F, 0x65, 0x65, 0x5F, 0x5F, 0x22, 0x22, 0x22, 0x22,
	0xFF, 0xFF, 0xEC, 0xEC, 0x22, 0x22, 0x22, 0x22, 0x01, 0x01, 0x01, 0x01, 0xFF, 0xFF, 0xCE, 0xCE,
	0x10, 0x10, 0x00, 0x00, 0x00, 0x00, 0x00, 0x00, 0x00, 0x00, 0x00, 0x00, 0x00, 0x00, 0x00, 0x00,
	0x00, 0x00, 0x00, 0x00, 0x00, 0x00, 0x00, 0x00, 0x00, 0x00, 0x00, 0x00, 0x00, 0x00, 0x00, 0x00,
	0x00, 0x00, 0x00, 0x00, 0x10, 0x10, 0xCE, 0xCE, 0xFF, 0xFF, 0x01, 0x01, 0x01, 0x01, 0x22, 0x22,
	0x22, 0x22, 0xEC, 0xEC, 0xFF, 0xFF, 0x22, 0x22, 0x22, 0x22, 0x5F, 0x5F, 0x65, 0x65, 0x5F, 0x5F,
	0x22, 0x22, 0xFF, 0xFF, 0x00, 0x00, 0x22, 0x22, 0x5F, 0x5F, 0x65, 0x65, 0x5F, 0x5F, 0x22, 0x22,
	0x22, 0x22, 0xFF, 0xFF, 0xEC, 0xEC, 0x22, 0x22, 0x22, 0x22, 0x01, 0x01, 0x01, 0x01, 0xFF, 0xFF,
	0xCE, 0xCE, 0x10, 0x10, 0x00, 0x00, 0x00, 0x00, 0x00, 0x00, 0x00, 0x00, 0x00, 0x00, 0x00, 0x00,
	0x00, 0x00, 0x00, 0x00, 0x00, 0x00, 0x00, 0x00, 0x00, 0x00, 0x00, 0x00, 0x00, 0x00, 0x00, 0x00,
	0x00, 0x00, 0x00, 0x00, 0x00, 0x00, 0x10, 0x10, 0xCE, 0xCE, 0xFF, 0xFF, 0x01, 0x01, 0x01, 0x01,
	0x22, 0x22, 0x22, 0x22, 0xEC, 0xEC, 0xFF, 0xFF, 0x22, 0x22, 0x22, 0x22, 0x5F, 0x5F, 0x65, 0x65,
	0x5F, 0x5F, 0x22, 0x22, 0xFF, 0xFF, 0x00, 0x00, 0x22, 0x22, 0x65, 0x65, 0xEC, 0xEC, 0x65, 0x65,
	0x22, 0x22, 0xFF, 0xFF, 0x0C, 0x0C, 0xEC, 0xEC, 0x22, 0x22, 0x22, 0x22, 0x01, 0x01, 0x01, 0x01,
	0xCE, 0xCE, 0x10, 0x10, 0xFF, 0xFF, 0xFF, 0xFF, 0x00, 0x00, 0x22, 0x22, 0xFF, 0xFF, 0xFF, 0xFF,
	0xFF, 0xFF, 0xFF, 0xFF, 0xFF, 0xFF, 0xFF, 0xFF, 0xFF, 0xFF, 0xFF, 0xFF, 0xFF, 0xFF, 0xFF, 0xFF,
	0xFF, 0xFF, 0x22, 0x22, 0x00, 0x00, 0xFF, 0xFF, 0xFF, 0xFF, 0x10, 0x10, 0xCE, 0xCE, 0x01, 0x01,
	0x01, 0x01, 0x22, 0x22, 0x22, 0x22, 0xEC, 0xEC, 0x0C, 0x0C, 0xFF, 0xFF, 0x22, 0x22, 0x65, 0x65,
	0xEC, 0xEC, 0x65, 0x65, 0x22, 0x22, 0xFF, 0xFF, 0x00, 0x00, 0x22, 0x22, 0x65, 0x65, 0xEC, 0xEC,
	0x65, 0x65, 0x22, 0x22, 0xFF, 0xFF, 0x0C, 0x0C, 0xEC, 0xEC, 0x22, 0x22, 0x22, 0x22, 0x01, 0x01,
	0x01, 0x01, 0xCE, 0xCE, 0x10, 0x10, 0xFF, 0xFF, 0xFF, 0xFF, 0x00, 0x00, 0x22, 0x22, 0xFF, 0xFF,
	0xFF, 0xFF, 0xFF, 0xFF, 0xFF, 0xFF, 0xFF, 0xFF, 0xFF, 0xFF, 0xFF, 0xFF, 0xFF, 0xFF, 0xFF, 0xFF,
	0xFF, 0xFF, 0xFF, 0xFF, 0x22, 0x22, 0x00, 0x00, 0xFF, 0xFF, 0xFF, 0xFF, 0x10, 0x10, 0xCE, 0xCE,
	0x01, 0x01, 0x01, 0x01, 0x22, 0x22, 0x22, 0x22, 0xEC, 0xEC, 0x0C, 0x0C, 0xFF, 0xFF, 0x22, 0x22,
	0x65, 0x65, 0xEC, 0xEC, 0x65, 0x65, 0x22, 0x22, 0xFF, 0xFF, 0x00, 0x00, 0xFF, 0xFF, 0x22, 0x22,
	0x22, 0x22, 0x22, 0x22, 0xFF, 0xFF, 0x0C, 0x0C, 0xEC, 0xEC, 0x22, 0x22, 0x22, 0x22, 0x22, 0x22,
	0xEC, 0xEC, 0x01, 0x01, 0x01, 0x01, 0x01, 0x01, 0xCE, 0xCE, 0xCE, 0xCE, 0x10, 0x10, 0x22, 0x22,
	0x22, 0x22, 0x22, 0x22, 0x22, 0x22, 0x22, 0x22, 0x22, 0x22, 0x22, 0x22, 0x22, 0x22, 0x22, 0x22,
	0x22, 0x22, 0x22, 0x22, 0x22, 0x22, 0x22, 0x22, 0x10, 0x10, 0xCE, 0xCE, 0xCE, 0xCE, 0x01, 0x01,
	0x01, 0x01, 0x01, 0x01, 0xEC, 0xEC, 0x22, 0x22, 0x22, 0x22, 0x22, 0x22, 0xEC, 0xEC, 0x0C, 0x0C,
	0xFF, 0xFF, 0x22, 0x22, 0x22, 0x22, 0x22, 0x22, 0xFF, 0xFF, 0xFF, 0xFF, 0x00, 0x00, 0xFF, 0xFF,
	0x22, 0x22, 0x22, 0x22, 0x22, 0x22, 0xFF, 0xFF, 0x0C, 0x0C, 0xEC, 0xEC, 0x22, 0x22, 0x22, 0x22,
	0x22, 0x22, 0xEC, 0xEC, 0x01, 0x01, 0x01, 0x01, 0x01, 0x01, 0xCE, 0xCE, 0xCE, 0xCE, 0x10, 0x10,
	0x22, 0x22, 0x22, 0x22, 0x22, 0x22, 0x22, 0x22, 0x22, 0x22, 0x22, 0x22, 0x22, 0x22, 0x22, 0x22,
	0x22, 0x22, 0x22, 0x22, 0x22, 0x22, 0x22, 0x22, 0x22, 0x22, 0x10, 0x10, 0xCE, 0xCE, 0xCE, 0xCE,
	0x01, 0x01, 0x01, 0x01, 0x01, 0x01, 0xEC, 0xEC, 0x22, 0x22, 0x22, 0x22, 0x22, 0x22, 0xEC, 0xEC,
	0x0C, 0x0C, 0xFF, 0xFF, 0x22, 0x22, 0x22, 0x22, 0x22, 0x22, 0xFF, 0xFF, 0xFF, 0xFF, 0x00, 0x00,
	0xFF, 0xFF, 0xFF, 0xFF, 0xFF, 0xFF, 0xFF, 0xFF, 0x00, 0x00, 0xEC, 0xEC, 0x22, 0x22, 0xEC, 0xEC,
	0x22, 0x22, 0x22, 0x22, 0x22, 0x22, 0xEC, 0xEC, 0x00, 0x00, 0x01, 0x01, 0x01, 0x01, 0x01, 0x01,
	0x01, 0x01, 0xEC, 0xEC, 0xEC, 0xEC, 0xEC, 0xEC, 0xEC, 0xEC, 0xEC, 0xEC, 0xEC, 0xEC, 0xEC, 0xEC,
	0xEC, 0xEC, 0xEC, 0xEC, 0xEC, 0xEC, 0xEC, 0xEC, 0xEC, 0xEC, 0xEC, 0xEC, 0x01, 0x01, 0x01, 0x01,
	0x01, 0x01, 0x01, 0x01, 0x00, 0x00, 0xEC, 0xEC, 0x22, 0x22, 0x22, 0x22, 0x22, 0x22, 0xEC, 0xEC,
	0x22, 0x22, 0xEC, 0xEC, 0x00, 0x00, 0xFF, 0xFF, 0xFF, 0xFF, 0xFF, 0xFF, 0xFF, 0xFF, 0xFF, 0xFF,
	0x00, 0x00, 0xFF, 0xFF, 0xFF, 0xFF, 0xFF, 0xFF, 0xFF, 0xFF, 0x00, 0x00, 0xEC, 0xEC, 0x22, 0x22,
	0xEC, 0xEC, 0x22, 0x22, 0x22, 0x22, 0x22, 0x22, 0xEC, 0xEC, 0x00, 0x00, 0x01, 0x01, 0x01, 0x01,
	0x01, 0x01, 0x01, 0x01, 0xEC, 0xEC, 0xEC, 0xEC, 0xEC, 0xEC, 0xEC, 0xEC, 0xEC, 0xEC, 0xEC, 0xEC,
	0xEC, 0xEC, 0xEC, 0xEC, 0xEC, 0xEC, 0xEC, 0xEC, 0xEC, 0xEC, 0xEC, 0xEC, 0xEC, 0xEC, 0x01, 0x01,
	0x01, 0x01, 0x01, 0x01, 0x01, 0x01, 0x00, 0x00, 0xEC, 0xEC, 0x22, 0x22, 0x22, 0x22, 0x22, 0x22,
	0xEC, 0xEC, 0x22, 0x22, 0xEC, 0xEC, 0x00, 0x00, 0xFF, 0xFF, 0xFF, 0xFF, 0xFF, 0xFF, 0xFF, 0xFF,
	0xFF, 0xFF, 0x00, 0x00, 0xFF, 0xFF, 0xFF, 0xFF, 0x00, 0x00, 0x00, 0x00, 0x0C, 0x0C, 0xEC, 0xEC,
	0xEC, 0xEC, 0xEC, 0xEC, 0xEC, 0xEC, 0x22, 0x22, 0x22, 0x22, 0x22, 0x22, 0xEC, 0xEC, 0x0C, 0x0C,
	0x00, 0x00, 0x01, 0x01, 0x01, 0x01, 0x01, 0x01, 0x01, 0x01, 0x01, 0x01, 0x00, 0x00, 0x00, 0x00,
	0x00, 0x00, 0x00, 0x00, 0x00, 0x00, 0x00, 0x00, 0x00, 0x00, 0x01, 0x01, 0x01, 0x01, 0x01, 0x01,
	0x01, 0x01, 0x01, 0x01, 0x00, 0x00, 0x0C, 0x0C, 0xEC, 0xEC, 0x22, 0x22, 0x22, 0x22, 0x22, 0x22,
	0xEC, 0xEC, 0xEC, 0xEC, 0xEC, 0xEC, 0xEC, 0xEC, 0x0C, 0x0C, 0x00, 0x00, 0x00, 0x00, 0xFF, 0xFF,
	0xFF, 0xFF, 0xFF, 0xFF, 0x00, 0x00, 0xFF, 0xFF, 0xFF, 0xFF, 0x00, 0x00, 0x00, 0x00, 0x0C, 0x0C,
	0xEC, 0xEC, 0xEC, 0xEC, 0xEC, 0xEC, 0xEC, 0xEC, 0x22, 0x22, 0x22, 0x22, 0x22, 0x22, 0xEC, 0xEC,
	0x0C, 0x0C, 0x00, 0x00, 0x01, 0x01, 0x01, 0x01, 0x01, 0x01, 0x01, 0x01, 0x01, 0x01, 0x00, 0x00,
	0x00, 0x00, 0x00, 0x00, 0x00, 0x00, 0x00, 0x00, 0x00, 0x00, 0x00, 0x00, 0x01, 0x01, 0x01, 0x01,
	0x01, 0x01, 0x01, 0x01, 0x01, 0x01, 0x00, 0x00, 0x0C, 0x0C, 0xEC, 0xEC, 0x22, 0x22, 0x22, 0x22,
	0x22, 0x22, 0xEC, 0xEC, 0xEC, 0xEC, 0xEC, 0xEC, 0xEC, 0xEC, 0x0C, 0x0C, 0x00, 0x00, 0x00, 0x00,
	0xFF, 0xFF, 0xFF, 0xFF, 0xFF, 0xFF, 0x00, 0x00, 0x00, 0x00, 0x00, 0x00, 0x00, 0x00, 0x0C, 0x0C,
	0xEC, 0xEC, 0x0C, 0x0C, 0x0C, 0x0C, 0xEC, 0xEC, 0x22, 0x22, 0x22, 0x22, 0xEC, 0xEC, 0x22, 0x22,
	0xFF, 0xFF, 0x22, 0x22, 0xEC, 0xEC, 0xEC, 0xEC, 0x00, 0x00, 0x00, 0x00, 0x00, 0x00, 0x01, 0x01,
	0x01, 0x01, 0x01, 0x01, 0x01, 0x01, 0x01, 0x01, 0x01, 0x01, 0x01, 0x01, 0x01, 0x01, 0x01, 0x01,
	0x00, 0x00, 0x00, 0x00, 0x00, 0x00, 0xEC, 0xEC, 0xEC, 0xEC, 0x22, 0x22, 0xFF, 0xFF, 0x22, 0x22,
	0xEC, 0xEC, 0x22, 0x22, 0x22, 0x22, 0xEC, 0xEC, 0x0C, 0x0C, 0x0C, 0x0C, 0xEC, 0xEC, 0x0C, 0x0C,
	0x00, 0x00, 0x00, 0x00, 0x00, 0x00, 0xFF, 0xFF, 0x00, 0x00, 0x00, 0x00, 0x00, 0x00, 0x00, 0x00,
	0x0C, 0x0C, 0xEC, 0xEC, 0x0C, 0x0C, 0x0C, 0x0C, 0xEC, 0xEC, 0x22, 0x22, 0x22, 0x22, 0xEC, 0xEC,
	0x22, 0x22, 0xFF, 0xFF, 0x22, 0x22, 0xEC, 0xEC, 0xEC, 0xEC, 0x00, 0x00, 0x00, 0x00, 0x00, 0x00,
	0x01, 0x01, 0x01, 0x01, 0x01, 0x01, 0x01, 0x01, 0x01, 0x01, 0x01, 0x01, 0x01, 0x01, 0x01, 0x01,
	0x01, 0x01, 0x00, 0x00, 0x00, 0x00, 0x00, 0x00, 0xEC, 0xEC, 0xEC, 0xEC, 0x22, 0x22, 0xFF, 0xFF,
	0x22, 0x22, 0xEC, 0xEC, 0x22, 0x22, 0x22, 0x22, 0xEC, 0xEC, 0x0C, 0x0C, 0x0C, 0x0C, 0xEC, 0xEC,
	0x0C, 0x0C, 0x00, 0x00, 0x00, 0x00, 0x00, 0x00, 0xFF, 0xFF, 0x00, 0x00, 0x00, 0x00, 0x00, 0x00,
	0x00, 0x00, 0x0C, 0x0C, 0x0C, 0x0C, 0x0C, 0x0C, 0xEC, 0xEC, 0x22, 0x22, 0x22, 0x22, 0xFF, 0xFF,
	0x22, 0x22, 0xEC, 0xEC, 0x22, 0x22, 0x22, 0x22, 0xFF, 0xFF, 0x22, 0x22, 0x22, 0x22, 0xEC, 0xEC,
	0xEC, 0xEC, 0x0C, 0x0C, 0x00, 0x00, 0x00, 0x00, 0x00, 0x00, 0x0C, 0x0C, 0x00, 0x00, 0x00, 0x00,
	0x00, 0x00, 0x0C, 0x0C, 0xEC, 0xEC, 0xEC, 0xEC, 0x22, 0x22, 0x22, 0x22, 0xFF, 0xFF, 0x22, 0x22,
	0x22, 0x22, 0xEC, 0xEC, 0x22, 0x22, 0xFF, 0xFF, 0x22, 0x22, 0x22, 0x22, 0xEC, 0xEC, 0x0C, 0x0C,
	0x0C, 0x0C, 0x0C, 0x0C, 0x00, 0x00, 0x00, 0x00, 0x00, 0x00, 0x00, 0x00, 0x00, 0x00, 0x00, 0x00,
	0x00, 0x00, 0x00, 0x00, 0x0C, 0x0C, 0x0C, 0x0C, 0x0C, 0x0C, 0xEC, 0xEC, 0x22, 0x22, 0x22, 0x22,
	0xFF, 0xFF, 0x22, 0x22, 0xEC, 0xEC, 0x22, 0x22, 0x22, 0x22, 0xFF, 0xFF, 0x22, 0x22, 0x22, 0x22,
	0xEC, 0xEC, 0xEC, 0xEC, 0x0C, 0x0C, 0x00, 0x00, 0x00, 0x00, 0x00, 0x00, 0x0C, 0x0C, 0x00, 0x00,
	0x00, 0x00, 0x00, 0x00, 0x0C, 0x0C, 0xEC, 0xEC, 0xEC, 0xEC, 0x22, 0x22, 0x22, 0x22, 0xFF, 0xFF,
	0x22, 0x22, 0x22, 0x22, 0xEC, 0xEC, 0x22, 0x22, 0xFF, 0xFF, 0x22, 0x22, 0x22, 0x22, 0xEC, 0xEC,
	0x0C, 0x0C, 0x0C, 0x0C, 0x0C, 0x0C, 0x00, 0x00, 0x00, 0x00, 0x00, 0x00, 0x00, 0x00, 0x00, 0x00,
	0x00, 0x00, 0x00, 0x00, 0x0C, 0x0C, 0x0C, 0x0C, 0x0C, 0x0C, 0xEC, 0xEC, 0x22, 0x22, 0xFF, 0xFF,
	0xFF, 0xFF, 0xFF, 0xFF, 0xFF, 0xFF, 0xFF, 0xFF, 0x0C, 0x0C, 0xEC, 0xEC, 0x22, 0x22, 0xFF, 0xFF,
	0xFF, 0xFF, 0xFF, 0xFF, 0x22, 0x22, 0x22, 0x22, 0xEC, 0xEC, 0xEC, 0xEC, 0x0C, 0x0C, 0x0C, 0x0C,
	0x0C, 0x0C, 0xEC, 0xEC, 0xEC, 0xEC, 0x22, 0x22, 0x22, 0x22, 0xFF, 0xFF, 0xFF, 0xFF, 0xFF, 0xFF,
	0x22, 0x22, 0xEC, 0xEC, 0x0C, 0x0C, 0xFF, 0xFF, 0xFF, 0xFF, 0xFF, 0xFF, 0xFF, 0xFF, 0xFF, 0xFF,
	0x22, 0x22, 0xEC, 0xEC, 0x0C, 0x0C, 0x0C, 0x0C, 0x0C, 0x0C, 0x00, 0x00, 0x00, 0x00, 0x00, 0x00,
	0x00, 0x00, 0x00, 0x00, 0x00, 0x00, 0x0C, 0x0C, 0x0C, 0x0C, 0x0C, 0x0C, 0xEC, 0xEC, 0x22, 0x22,
	0xFF, 0xFF, 0xFF, 0xFF, 0xFF, 0xFF, 0xFF, 0xFF, 0xFF, 0xFF, 0x0C, 0x0C, 0xEC, 0xEC, 0x22, 0x22,
	0xFF, 0xFF, 0xFF, 0xFF, 0xFF, 0xFF, 0x22, 0x22, 0x22, 0x22, 0xEC, 0xEC, 0xEC, 0xEC, 0x0C, 0x0C,
	0x0C, 0x0C, 0x0C, 0x0C, 0xEC, 0xEC, 0xEC, 0xEC, 0x22, 0x22, 0x22, 0x22, 0xFF, 0xFF, 0xFF, 0xFF,
	0xFF, 0xFF, 0x22, 0x22, 0xEC, 0xEC, 0x0C, 0x0C, 0xFF, 0xFF, 0xFF, 0xFF, 0xFF, 0xFF, 0xFF, 0xFF,
	0xFF, 0xFF, 0x22, 0x22, 0xEC, 0xEC, 0x0C, 0x0C, 0x0C, 0x0C, 0x0C, 0x0C, 0x00, 0x00, 0x00, 0x00,
	0x00, 0x00, 0x00, 0x00, 0x0C, 0x0C, 0x00, 0x00, 0x0C, 0x0C, 0x0C, 0x0C, 0xEC, 0xEC, 0x22, 0x22,
	0xFF, 0xFF, 0xFF, 0xFF, 0x22, 0x22, 0xEC, 0xEC, 0xEC, 0xEC, 0x22, 0x22, 0xFF, 0xFF, 0xEC, 0xEC,
	0x0C, 0x0C, 0x22, 0x22, 0xEC, 0xEC, 0xFF, 0xFF, 0xFF, 0xFF, 0xFF, 0xFF, 0xFF, 0xFF, 0xFF, 0xFF,
	0x22, 0x22, 0x0C, 0x0C, 0x22, 0x22, 0xFF, 0xFF, 0xFF, 0xFF, 0xFF, 0xFF, 0xFF, 0xFF, 0xFF, 0xFF,
	0xEC, 0xEC, 0x22, 0x22, 0x0C, 0x0C, 0xEC, 0xEC, 0xFF, 0xFF, 0x22, 0x22, 0xEC, 0xEC, 0xEC, 0xEC,
	0x22, 0x22, 0xFF, 0xFF, 0xFF, 0xFF, 0x22, 0x22, 0xEC, 0xEC, 0x0C, 0x0C, 0x0C, 0x0C, 0x00, 0x00,
	0x0C, 0x0C, 0x00, 0x00, 0x00, 0x00, 0x0C, 0x0C, 0x00, 0x00, 0x0C, 0x0C, 0x0C, 0x0C, 0xEC, 0xEC,
	0x22, 0x22, 0xFF, 0xFF, 0xFF, 0xFF, 0x22, 0x22, 0xEC, 0xEC, 0xEC, 0xEC, 0x22, 0x22, 0xFF, 0xFF,
	0xEC, 0xEC, 0x0C, 0x0C, 0x22, 0x22, 0xEC, 0xEC, 0xFF, 0xFF, 0xFF, 0xFF, 0xFF, 0xFF, 0xFF, 0xFF,
	0xFF, 0xFF, 0x22, 0x22, 0x0C, 0x0C, 0x22, 0x22, 0xFF, 0xFF, 0xFF, 0xFF, 0xFF, 0xFF, 0xFF, 0xFF,
	0xFF, 0xFF, 0xEC, 0xEC, 0x22, 0x22, 0x0C, 0x0C, 0xEC, 0xEC, 0xFF, 0xFF, 0x22, 0x22, 0xEC, 0xEC,
	0xEC, 0xEC, 0x22, 0x22, 0xFF, 0xFF, 0xFF, 0xFF, 0x22, 0x22, 0xEC, 0xEC, 0x0C, 0x0C, 0x0C, 0x0C,
	0x00, 0x00, 0x0C, 0x0C, 0x00, 0x00, 0x00, 0x00, 0x0C, 0x0C, 0x00, 0x00, 0x0C, 0x0C, 0x00, 0x00,
	0xEC, 0xEC, 0xFF, 0xFF, 0x22, 0x22, 0x0C, 0x0C, 0xEC, 0xEC, 0x22, 0x22, 0x22, 0x22, 0xEC, 0xEC,
	0xEC, 0xEC, 0x22, 0x22, 0xEC, 0xEC, 0x0C, 0x0C, 0x0C, 0x0C, 0x22, 0x22, 0xFF, 0xFF, 0xFF, 0xFF,
	0xFF, 0xFF, 0xFF, 0xFF, 0xFF, 0xFF, 0x0C, 0x0C, 0xFF, 0xFF, 0xFF, 0xFF, 0xFF, 0xFF, 0xFF, 0xFF,
	0xFF, 0xFF, 0x22, 0x22, 0x0C, 0x0C, 0x0C, 0x0C, 0xEC, 0xEC, 0x22, 0x22, 0xEC, 0xEC, 0xEC, 0xEC,
	0x22, 0x22, 0x22, 0x22, 0xEC, 0xEC, 0x0C, 0x0C, 0x22, 0x22, 0xFF, 0xFF, 0xEC, 0xEC, 0x00, 0x00,
	0x0C, 0x0C, 0x00, 0x00, 0x0C, 0x0C, 0x0C, 0x0C, 0x00, 0x00, 0x0C, 0x0C, 0x00, 0x00, 0x0C, 0x0C,
	0x00, 0x00, 0xEC, 0xEC, 0xFF, 0xFF, 0x22, 0x22, 0x0C, 0x0C, 0xEC, 0xEC, 0x22, 0x22, 0x22, 0x22,
	0xEC, 0xEC, 0xEC, 0xEC, 0x22, 0x22, 0xEC, 0xEC, 0x0C, 0x0C, 0x0C, 0x0C, 0x22, 0x22, 0xFF, 0xFF,
	0xFF, 0xFF, 0xFF, 0xFF, 0xFF, 0xFF, 0xFF, 0xFF, 0x0C, 0x0C, 0xFF, 0xFF, 0xFF, 0xFF, 0xFF, 0xFF,
	0xFF, 0xFF, 0xFF, 0xFF, 0x22, 0x22, 0x0C, 0x0C, 0x0C, 0x0C, 0xEC, 0xEC, 0x22, 0x22, 0xEC, 0xEC,
	0xEC, 0xEC, 0x22, 0x22, 0x22, 0x22, 0xEC, 0xEC, 0x0C, 0x0C, 0x22, 0x22, 0xFF, 0xFF, 0xEC, 0xEC,
	0x00, 0x00, 0x0C, 0x0C, 0x00, 0x00, 0x0C, 0x0C, 0x0C, 0x0C, 0x00, 0x00, 0x0C, 0x0C, 0x00, 0x00,
	0x0C, 0x0C, 0xEC, 0xEC, 0x22, 0x22, 0x22, 0x22, 0x0C, 0x0C, 0x22, 0x22, 0x22, 0x22, 0x22, 0x22,
	0xFF, 0xFF, 0xFF, 0xFF, 0x22, 0x22, 0xEC, 0xEC, 0x22, 0x22, 0xEC, 0xEC, 0x0C, 0x0C, 0x0C, 0x0C,
	0x0C, 0x0C, 0x22, 0x22, 0xFF, 0xFF, 0xFF, 0xFF, 0xFF, 0xFF, 0x22, 0x22, 0xFF, 0xFF, 0xFF, 0xFF,
	0xFF, 0xFF, 0x22, 0x22, 0x0C, 0x0C, 0x0C, 0x0C, 0x0C, 0x0C, 0xEC, 0xEC, 0x22, 0x22, 0xEC, 0xEC,
	0x22, 0x22, 0xFF, 0xFF, 0xFF, 0xFF, 0x22, 0x22, 0x22, 0x22, 0x22, 0x22, 0x0C, 0x0C, 0x22, 0x22,
	0x22, 0x22, 0xEC, 0xEC, 0x0C, 0x0C, 0x00, 0x00, 0x0C, 0x0C, 0x0C, 0x0C, 0x00, 0x00, 0x0C, 0x0C,
	0x00, 0x00, 0x0C, 0x0C, 0xEC, 0xEC, 0x22, 0x22, 0x22, 0x22, 0x0C, 0x0C, 0x22, 0x22, 0x22, 0x22,
	0x22, 0x22, 0xFF, 0xFF, 0xFF, 0xFF, 0x22, 0x22, 0xEC, 0xEC, 0x22, 0x22, 0xEC, 0xEC, 0x0C, 0x0C,
	0x0C, 0x0C, 0x0C, 0x0C, 0x22, 0x22, 0xFF, 0xFF, 0xFF, 0xFF, 0xFF, 0xFF, 0x22, 0x22, 0xFF, 0xFF,
	0xFF, 0xFF, 0xFF, 0xFF, 0x22, 0x22, 0x0C, 0x0C, 0x0C, 0x0C, 0x0C, 0x0C, 0xEC, 0xEC, 0x22, 0x22,
	0xEC, 0xEC, 0x22, 0x22, 0xFF, 0xFF, 0xFF, 0xFF, 0x22, 0x22, 0x22, 0x22, 0x22, 0x22, 0x0C, 0x0C,
	0x22, 0x22, 0x22, 0x22, 0xEC, 0xEC, 0x0C, 0x0C, 0x00, 0x00, 0x0C, 0x0C, 0x0C, 0x0C, 0x00, 0x00,
	0x0C, 0x0C, 0x0C, 0x0C, 0x0C, 0x0C, 0xEC, 0xEC, 0xFF, 0xFF, 0x22, 0x22, 0x0C, 0x0C, 0x22, 0x22,
	0xEC, 0xEC, 0xEC, 0xEC, 0xEC, 0xEC, 0xEC, 0xEC, 0xEC, 0xEC, 0xFF, 0xFF, 0xEC, 0xEC, 0xEC, 0xEC,
	0xEC, 0xEC, 0x22, 0x22, 0x0C, 0x0C, 0x0C, 0x0C, 0x0C, 0x0C, 0x0C, 0x0C, 0xFF, 0xFF, 0x0C, 0x0C,
	0xFF, 0xFF, 0x0C, 0x0C, 0x0C, 0x0C, 0x0C, 0x0C, 0x0C, 0x0C, 0x22, 0x22, 0xEC, 0xEC, 0xEC, 0xEC,
	0xEC, 0xEC, 0xFF, 0xFF, 0xEC, 0xEC, 0xEC, 0xEC, 0xEC, 0xEC, 0xEC, 0xEC, 0xEC, 0xEC, 0x22, 0x22,
	0x0C, 0x0C, 0x22, 0x22, 0xFF, 0xFF, 0xEC, 0xEC, 0x0C, 0x0C, 0x0C, 0x0C, 0x0C, 0x0C, 0x00, 0x00,
	0x00, 0x00, 0x0C, 0x0C, 0x0C, 0x0C, 0x0C, 0x0C, 0xEC, 0xEC, 0xFF, 0xFF, 0x22, 0x22, 0x0C, 0x0C,
	0x22, 0x22, 0xEC, 0xEC, 0xEC, 0xEC, 0xEC, 0xEC, 0xEC, 0xEC, 0xEC, 0xEC, 0xFF, 0xFF, 0xEC, 0xEC,
	0xEC, 0xEC, 0xEC, 0xEC, 0x22, 0x22, 0x0C, 0x0C, 0x0C, 0x0C, 0x0C, 0x0C, 0x0C, 0x0C, 0xFF, 0xFF,
	0x0C, 0x0C, 0xFF, 0xFF, 0x0C, 0x0C, 0x0C, 0x0C, 0x0C, 0x0C, 0x0C, 0x0C, 0x22, 0x22, 0xEC, 0xEC,
	0xEC, 0xEC, 0xEC, 0xEC, 0xFF, 0xFF, 0xEC, 0xEC, 0xEC, 0xEC, 0xEC, 0xEC, 0xEC, 0xEC, 0xEC, 0xEC,
	0x22, 0x22, 0x0C, 0x0C, 0x22, 0x22, 0xFF, 0xFF, 0xEC, 0xEC, 0x0C, 0x0C, 0x0C, 0x0C, 0x0C, 0x0C,
	0x00, 0x00, 0x00, 0x00, 0x0C, 0x0C, 0x0C, 0x0C, 0x0C, 0x0C, 0xEC, 0xEC, 0xFF, 0xFF, 0x0C, 0x0C,
	0x0C, 0x0C, 0xEC, 0xEC, 0xEC, 0xEC, 0xEC, 0xEC, 0xEC, 0xEC, 0xEC, 0xEC, 0xEC, 0xEC, 0xEC, 0xEC,
	0xEC, 0xEC, 0x22, 0x22, 0xEC, 0xEC, 0xEC, 0xEC, 0xEC, 0xEC, 0x0C, 0x0C, 0x0C, 0x0C, 0x0C, 0x0C,
	0xEC, 0xEC, 0x0C, 0x0C, 0xEC, 0xEC, 0x0C, 0x0C, 0x0C, 0x0C, 0x0C, 0x0C, 0xEC, 0xEC, 0xEC, 0xEC,
	0xEC, 0xEC, 0x22, 0x22, 0xEC, 0xEC, 0xEC, 0xEC, 0xEC, 0xEC, 0xEC, 0xEC, 0xEC, 0xEC, 0xEC, 0xEC,
	0xEC, 0xEC, 0xEC, 0xEC, 0x0C, 0x0C, 0x0C, 0x0C, 0xFF, 0xFF, 0xEC, 0xEC, 0x0C, 0x0C, 0x0C, 0x0C,
	0x0C, 0x0C, 0x00, 0x00, 0x00, 0x00, 0x0C, 0x0C, 0x0C, 0x0C, 0x0C, 0x0C, 0xEC, 0xEC, 0xFF, 0xFF,
	0x0C, 0x0C, 0x0C, 0x0C, 0xEC, 0xEC, 0xEC, 0xEC, 0xEC, 0xEC, 0xEC, 0xEC, 0xEC, 0xEC, 0xEC, 0xEC,
	0xEC, 0xEC, 0xEC, 0xEC, 0x22, 0x22, 0xEC, 0xEC, 0xEC, 0xEC, 0xEC, 0xEC, 0x0C, 0x0C, 0x0C, 0x0C,
	0x0C, 0x0C, 0xEC, 0xEC, 0x0C, 0x0C, 0xEC, 0xEC, 0x0C, 0x0C, 0x0C, 0x0C, 0x0C, 0x0C, 0xEC, 0xEC,
	0xEC, 0xEC, 0xEC, 0xEC, 0x22, 0x22, 0xEC, 0xEC, 0xEC, 0xEC, 0xEC, 0xEC, 0xEC, 0xEC, 0xEC, 0xEC,
	0xEC, 0xEC, 0xEC, 0xEC, 0xEC, 0xEC, 0x0C, 0x0C, 0x0C, 0x0C, 0xFF, 0xFF, 0xEC, 0xEC, 0x0C, 0x0C,
	0x0C, 0x0C, 0x0C, 0x0C, 0x00, 0x00, 0x00, 0x00, 0x00, 0x00, 0x0C, 0x0C, 0x0C, 0x0C, 0xEC, 0xEC,
	0x22, 0x22, 0x0C, 0x0C, 0x0C, 0x0C, 0xEC, 0xEC, 0xEC, 0xEC, 0xEC, 0xEC, 0xEC, 0xEC, 0xEC, 0xEC,
	0xEC, 0xEC, 0xEC, 0xEC, 0xEC, 0xEC, 0xEC, 0xEC, 0xEC, 0xEC, 0xEC, 0xEC, 0xEC, 0xEC, 0xEC, 0xEC,
	0x0C, 0x0C, 0xEC, 0xEC, 0x0C, 0x0C, 0x00, 0x00, 0x0C, 0x0C, 0xEC, 0xEC, 0x0C, 0x0C, 0xEC, 0xEC,
	0xEC, 0xEC, 0xEC, 0xEC, 0xEC, 0xEC, 0xEC, 0xEC, 0xEC, 0xEC, 0xEC, 0xEC, 0xEC, 0xEC, 0xEC, 0xEC,
	0xEC, 0xEC, 0xEC, 0xEC, 0xEC, 0xEC, 0xEC, 0xEC, 0x0C, 0x0C, 0x0C, 0x0C, 0x22, 0x22, 0xEC, 0xEC,
	0x0C, 0x0C, 0x0C, 0x0C, 0x00, 0x00, 0x00, 0x00, 0x00, 0x00, 0x00, 0x00, 0x0C, 0x0C, 0x0C, 0x0C,
	0xEC, 0xEC, 0x22, 0x22, 0x0C, 0x0C, 0x0C, 0x0C, 0xEC, 0xEC, 0xEC, 0xEC, 0xEC, 0xEC, 0xEC, 0xEC,
	0xEC, 0xEC, 0xEC, 0xEC, 0xEC, 0xEC, 0xEC, 0xEC, 0xEC, 0xEC, 0xEC, 0xEC, 0xEC, 0xEC, 0xEC, 0xEC,
	0xEC, 0xEC, 0x0C, 0x0C, 0xEC, 0xEC, 0x0C, 0x0C, 0x00, 0x00, 0x0C, 0x0C, 0xEC, 0xEC, 0x0C, 0x0C,
	0xEC, 0xEC, 0xEC, 0xEC, 0xEC, 0xEC, 0xEC, 0xEC, 0xEC, 0xEC, 0xEC, 0xEC, 0xEC, 0xEC, 0xEC, 0xEC,
	0xEC, 0xEC, 0xEC, 0xEC, 0xEC, 0xEC, 0xEC, 0xEC, 0xEC, 0xEC, 0x0C, 0x0C, 0x0C, 0x0C, 0x22, 0x22,
	0xEC, 0xEC, 0x0C, 0x0C, 0x0C, 0x0C, 0x00, 0x00, 0x00, 0x00, 0x00, 0x00, 0x00, 0x00, 0x00, 0x00,
	0x0C, 0x0C, 0xEC, 0xEC, 0x22, 0x22, 0x0C, 0x0C, 0x0C, 0x0C, 0x0C, 0x0C, 0xEC, 0xEC, 0xEC, 0xEC,
	0xEC, 0xEC, 0xEC, 0xEC, 0xEC, 0xEC, 0xEC, 0xEC, 0xEC, 0xEC, 0xEC, 0xEC, 0xEC, 0xEC, 0xEC, 0xEC,
	0xEC, 0xEC, 0xEC, 0xEC, 0xEC, 0xEC, 0xEC, 0xEC, 0x0C, 0x0C, 0x00, 0x00, 0x0C, 0x0C, 0xEC, 0xEC,
	0xEC, 0xEC, 0xEC, 0xEC, 0xEC, 0xEC, 0xEC, 0xEC, 0xEC, 0xEC, 0xEC, 0xEC, 0xEC, 0xEC, 0xEC, 0xEC,
	0xEC, 0xEC, 0xEC, 0xEC, 0xEC, 0xEC, 0xEC, 0xEC, 0xEC, 0xEC, 0x0C, 0x0C, 0x0C, 0x0C, 0x0C, 0x0C,
	0x22, 0x22, 0xEC, 0xEC, 0x0C, 0x0C, 0x00, 0x00, 0x00, 0x00, 0x00, 0x00, 0x00, 0x00, 0x00, 0x00,
	0x00, 0x00, 0x0C, 0x0C, 0xEC, 0xEC, 0x22, 0x22, 0x0C, 0x0C, 0x0C, 0x0C, 0x0C, 0x0C, 0xEC, 0xEC,
	0xEC, 0xEC, 0xEC, 0xEC, 0xEC, 0xEC, 0xEC, 0xEC, 0xEC, 0xEC, 0xEC, 0xEC, 0xEC, 0xEC, 0xEC, 0xEC,
	0xEC, 0xEC, 0xEC, 0xEC, 0xEC, 0xEC, 0xEC, 0xEC, 0xEC, 0xEC, 0x0C, 0x0C, 0x00, 0x00, 0x0C, 0x0C,
	0xEC, 0xEC, 0xEC, 0xEC, 0xEC, 0xEC, 0xEC, 0xEC, 0xEC, 0xEC, 0xEC, 0xEC, 0xEC, 0xEC, 0xEC, 0xEC,
	0xEC, 0xEC, 0xEC, 0xEC, 0xEC, 0xEC, 0xEC, 0xEC, 0xEC, 0xEC, 0xEC, 0xEC, 0x0C, 0x0C, 0x0C, 0x0C,
	0x0C, 0x0C, 0x22, 0x22, 0xEC, 0xEC, 0x0C, 0x0C, 0x00, 0x00, 0x00, 0x00, 0x00, 0x00, 0x00, 0x00,
	0x00, 0x00, 0x00, 0x00, 0x00, 0x00, 0x00, 0x00, 0x00, 0x00, 0x00, 0x00, 0x00, 0x00, 0x00, 0x00,
	0x00, 0x00, 0x00, 0x00, 0x00, 0x00, 0x00, 0x00, 0x00, 0x00, 0x00, 0x00, 0x00, 0x00, 0x00, 0x00,
	0x00, 0x00, 0x00, 0x00, 0x00, 0x00, 0x00, 0x00, 0x00, 0x00, 0x00, 0x00, 0x00, 0x00, 0x00, 0x00,
	0x00, 0x00, 0x00, 0x00, 0x00, 0x00, 0x00, 0x00, 0x00, 0x00, 0x00, 0x00, 0x00, 0x00, 0x00, 0x00,
	0x00, 0x00, 0x00, 0x00, 0x00, 0x00, 0x00, 0x00, 0x00, 0x00, 0x00, 0x00, 0x00, 0x00, 0x00, 0x00,
	0x00, 0x00, 0x00, 0x00, 0x00, 0x00, 0x00, 0x00, 0x00, 0x00, 0x00, 0x00, 0x00, 0x00, 0x00, 0x00,
	0x00, 0x00, 0x00, 0x00, 0x00, 0x00, 0x00, 0x00, 0x00, 0x00, 0x00, 0x00, 0x00, 0x00, 0x00, 0x00,
	0x00, 0x00, 0x00, 0x00, 0x00, 0x00, 0x00, 0x00, 0x00, 0x00, 0x00, 0x00, 0x00, 0x00, 0x00, 0x00,
	0x00, 0x00, 0x00, 0x00, 0x00, 0x00, 0x00, 0x00, 0x00, 0x00, 0x00, 0x00, 0x00, 0x00, 0x00, 0x00,
	0x00, 0x00, 0x00, 0x00, 0x00, 0x00, 0x00, 0x00, 0x00, 0x00, 0x00, 0x00, 0x00, 0x00, 0x00, 0x00,
	0x00, 0x00, 0x00, 0x00, 0x00, 0x00, 0x00, 0x00, 0x00, 0x00, 0x00, 0x00, 0x00, 0x00, 0x00, 0x00,
	0x00, 0x00, 0x00, 0x00, 0x00, 0x00, 0x00, 0x00, 0x00, 0x00, 0x00, 0x00, 0x00, 0x00, 0x00, 0x00,
	0x00, 0x00, 0x00, 0x00,
};

/* [2] ecm.sprite (12x16) */
static const uint8_t ecm_pixels[] = {
	0xFF, 0xFF, 0xFF, 0xFF, 0xFF, 0xFF, 0xFF, 0xFF, 0xFF, 0xFF, 0xFF, 0xFF, 0xFF, 0xFF, 0xFF, 0xFF,
	0xFF, 0xFF, 0xFF, 0xFF, 0xFF, 0xFF, 0xFF, 0xFF, 0xFF, 0xFF, 0xFF, 0xFF, 0xFF, 0xFF, 0xFF, 0xFF,
	0xFF, 0xFF, 0xFF, 0xFF, 0xFF, 0xFF, 0xFF, 0xFF, 0xFF, 0xFF, 0xFF, 0xFF, 0xFF, 0xFF, 0xFF, 0xFF,
	0xFF, 0xFF, 0xFF, 0xFF, 0x00, 0x00, 0x00, 0x00, 0x00, 0x00, 0x00, 0x00, 0xFF, 0xFF, 0xFF, 0xFF,
	0x00, 0x00, 0x00, 0x00, 0x00, 0x00, 0x00, 0x00, 0xFF, 0xFF, 0xFF, 0xFF, 0xFF, 0xFF, 0xFF, 0xFF,
	0xFF, 0xFF, 0xFF, 0xFF, 0xFF, 0xFF, 0xFF, 0xFF, 0xFF, 0xFF, 0xFF, 0xFF, 0xFF, 0xFF, 0xFF, 0xFF,
	0xFF, 0xFF, 0xFF, 0xFF, 0xFF, 0xFF, 0xFF, 0xFF, 0xFF, 0xFF, 0xFF, 0xFF, 0xFF, 0xFF, 0xFF, 0xFF,
	0xFF, 0xFF, 0xFF, 0xFF, 0xFF, 0xFF, 0xFF, 0xFF, 0xFF, 0xFF, 0xFF, 0xFF, 0x00, 0x00, 0x00, 0x00,
	0x00, 0x00, 0x00, 0x00, 0xFF, 0xFF, 0xFF, 0xFF, 0x00, 0x00, 0x00, 0x00, 0x00, 0x00, 0x00, 0x00,
	0xFF, 0xFF, 0xFF, 0xFF, 0xFF, 0xFF, 0xFF, 0xFF, 0xFF, 0xFF, 0xFF, 0xFF, 0xFF, 0xFF, 0xFF, 0xFF,
	0xFF, 0xFF, 0xFF, 0xFF, 0xFF, 0xFF, 0xFF, 0xFF, 0xFF, 0xFF, 0xFF, 0xFF, 0xFF, 0xFF, 0xFF, 0xFF,
	0xFF, 0xFF, 0xFF, 0xFF, 0xFF, 0xFF, 0xFF, 0xFF, 0xFF, 0xFF, 0xFF, 0xFF, 0xFF, 0xFF, 0xFF, 0xFF,
};

/* [5] elitetxt.sprite (163x37) */
static const uint8_t elitetxt_pixels[] = {
	0x00, 0x00, 0x00, 0x00, 0x00, 0x00, 0x00, 0x00, 0x00, 0x00, 0x00, 0x00, 0x00, 0x00, 0x00, 0x00,
	0x00, 0x00, 0x00, 0x00, 0x00, 0x00, 0x00, 0x00, 0x00, 0x00, 0x00, 0x00, 0x00, 0x00, 0x32, 0xF2,
	0xF2, 0xF2, 0xF2, 0xF2, 0xF2, 0xF2, 0xF2, 0xF2, 0xF2, 0xF2, 0xF2, 0xF2, 0xF2, 0xF2, 0xF2, 0xF2,
	0xF4, 0xEB, 0x00, 0x00, 0x00, 0x00, 0xF8, 0xF2, 0xF2, 0xF2, 0xF2, 0xF2, 0xF8, 0x00, 0x00, 0x00,
	0x00, 0x00, 0x00, 0x00, 0x00, 0x00, 0x00, 0x00, 0x00, 0x00, 0x00, 0x00, 0x00, 0x32, 0xF2, 0xF2,
	0xF2, 0xF2, 0xF2, 0xF8, 0x00, 0x00, 0x00, 0x00, 0xEB, 0xF2, 0xF7, 0xF7, 0xF7, 0xF7, 0xF7, 0xF7,
	0xF7, 0xF7, 0xF7, 0xF7, 0xF7, 0xF7, 0xF7, 0xF7, 0xF7, 0xF7, 0x32, 0xBC, 0x0C, 0x00, 0x00, 0x00,
	0x00, 0x32, 0xF2, 0xF2, 0xF2, 0xF2, 0xF2, 0xF2, 0xF2, 0xF2, 0xF2, 0xF2, 0xF2, 0xF2, 0xF2, 0xF2,
	0xF2, 0xF2, 0xF2, 0xF4, 0xEB, 0x00, 0x00, 0x00, 0x00, 0x00, 0x00, 0x00, 0x00, 0x00, 0x00, 0x00,
	0x00, 0x00, 0x00, 0x00, 0x00, 0x00, 0x00, 0x00, 0x00, 0x00, 0x00, 0x00, 0x00, 0x00, 0x00, 0x00,
	0x00, 0x00, 0x00, 0x00, 0x00, 0x00, 0x00, 0x00, 0x00, 0x00, 0x00, 0x00, 0x00, 0x00, 0x00, 0x00,
	0x00, 0x00, 0x00, 0x00, 0x00, 0x00, 0x00, 0x00, 0x00, 0x00, 0x00, 0x00, 0x00, 0x00, 0x00, 0x00,
	0x00, 0x43, 0xF2, 0xF4, 0xF4, 0xF4, 0xF4, 0xF4, 0xF4, 0xF4, 0xF4, 0xF4, 0xF4, 0xF4, 0xF4, 0xF4,
	0xF4, 0xF4, 0xF4, 0xF4, 0xEB, 0x00, 0x00, 0x00, 0x00, 0x43, 0x07, 0xF4, 0xF4, 0xF4, 0x07, 0x43,
	0x00, 0x00, 0x00, 0x00, 0x00, 0x00, 0x00, 0x00, 0x00, 0x00, 0x00, 0x00, 0x00, 0x00, 0x00, 0x00,
	0x43, 0xF2, 0xF4, 0xF4, 0xF4, 0x29, 0x00, 0x00, 0x00, 0x00, 0x00, 0xEB, 0xF4, 0xF4, 0xF4, 0xF4,
	0xF4, 0xF4, 0xF4, 0xF4, 0xF4, 0xF4, 0xF4, 0xF4, 0xF4, 0xF4, 0xF4, 0xF4, 0xF4, 0xF4, 0xF4, 0x0C,
	0x00, 0x00, 0x00, 0x00, 0x43, 0xF2, 0xF4, 0xF4, 0xF4, 0xF4, 0xF4, 0xF4, 0xF4, 0xF4, 0xF4, 0xF4,
	0xF4, 0xF4, 0xF4, 0xF4, 0xF4, 0xF4, 0xF4, 0xEB, 0x00, 0x00, 0x00, 0x00, 0x00, 0x00, 0x00, 0x00,
	0x00, 0x00, 0x00, 0x00, 0x00, 0x00, 0x00, 0x00, 0x00, 0x00, 0x00, 0x00, 0x00, 0x00, 0x00, 0x00,
	0x00, 0x00, 0x00, 0x00, 0x00, 0x00, 0x00, 0x00, 0x00, 0x00, 0x00, 0x00, 0x00, 0x00, 0x00, 0x00,
	0x00, 0x00, 0x00, 0x00, 0x00, 0x00, 0x00, 0x00, 0x00, 0x00, 0x00, 0x00, 0x00, 0x00, 0x00, 0x00,
	0x00, 0x00, 0x00, 0x00, 0x43, 0xBC, 0xF4, 0xF4, 0xF4, 0xF4, 0xF4, 0xF4, 0xF4, 0xF4, 0xF4, 0xF4,
	0xF4, 0xF4, 0xF4, 0xF4, 0xF4, 0xF4, 0xF4, 0xEB, 0x00, 0x00, 0x00, 0x00, 0x00, 0xF7, 0xF4, 0xF4,
	0xF4, 0xF7, 0x00, 0x00, 0x00, 0x00, 0x00, 0x00, 0x00, 0x00, 0x00, 0x00, 0x00, 0x00, 0x00, 0x00,
	0x00, 0x00, 0x00, 0x43, 0xBC, 0xF4, 0xF4, 0xF4, 0x0C, 0x00, 0x00, 0x00, 0x00, 0x00, 0xEB, 0xF4,
	0xF4, 0xF4, 0xF4, 0xF4, 0xF4, 0xF4, 0xF4, 0xF4, 0xF4, 0xF4, 0xF4, 0xF4, 0xF4, 0xF4, 0xF4, 0xF4,
	0xF4, 0xF4, 0x0C, 0x00, 0x00, 0x00, 0x00, 0x43, 0xBC, 0xF4, 0xF4, 0xF4, 0xF4, 0xF4, 0xF4, 0xF4,
	0xF4, 0xF4, 0xF4, 0xF4, 0xF4, 0xF4, 0xF4, 0xF4, 0xF4, 0xF4, 0xEB, 0x00, 0x00, 0x00, 0x00, 0x00,
	0x00, 0x00, 0x00, 0x00, 0x00, 0x00, 0x00, 0x00, 0x00, 0x00, 0x00, 0x00, 0x00, 0x00, 0x00, 0x00,
	0x00, 0x00, 0x00, 0x00, 0x00, 0x00, 0x00, 0x00, 0x00, 0x00, 0x00, 0x00, 0x00, 0x00, 0x00, 0x00,
	0x00, 0x00, 0x00, 0x00, 0x00, 0x00, 0x00, 0x00, 0x00, 0x00, 0x00, 0x00, 0x00, 0x00, 0x00, 0x00,
	0x00, 0x00, 0x00, 0x00, 0x00, 0x00, 0x00, 0x43, 0xBC, 0xF4, 0xF4, 0xF4, 0xF7, 0xEB, 0x29, 0x29,
	0x29, 0x29, 0x29, 0x29, 0x29, 0x29, 0x29, 0x29, 0x29, 0xF7, 0x29, 0x00, 0x00, 0x00, 0x00, 0x00,
	0xF7, 0xF4, 0xF4, 0xF4, 0xF7, 0x00, 0x00, 0x00, 0x00, 0x00, 0x00, 0x00, 0x00, 0x00, 0x00, 0x00,
	0x00, 0x00, 0x00, 0x00, 0x00, 0x00, 0x43, 0xBC, 0xF4, 0xF4, 0xF4, 0x0C, 0x00, 0x00, 0x00, 0x00,
	0x00, 0xEB, 0xF4, 0xF2, 0xF2, 0xF2, 0xF2, 0xF2, 0xF2, 0xF4, 0xF4, 0xF4, 0xF4, 0xF4, 0xF2, 0xF2,
	0xF2, 0xF2, 0xF2, 0xF2, 0xF2, 0x0C, 0x00, 0x00, 0x00, 0x00, 0x43, 0xBC, 0xF4, 0xF4, 0xF4, 0xF7,
	0xEB, 0x29, 0x29, 0x29, 0x29, 0x29, 0x29, 0x29, 0x29, 0x29, 0x29, 0x29, 0xF7, 0x29, 0x00, 0x00,
	0x00, 0x00, 0x00, 0x00, 0x00, 0x00, 0x00, 0x00, 0x00, 0x00, 0x00, 0x00, 0x00, 0x00, 0x00, 0x00,
	0x00, 0x00, 0x00, 0x00, 0x00, 0x00, 0x00, 0x00, 0x00, 0x00, 0x00, 0x00, 0x00, 0x00, 0x00, 0x00,
	0x00, 0x00, 0x00, 0x00, 0x00, 0x00, 0x00, 0x00, 0x00, 0x00, 0x00, 0x00, 0x00, 0x00, 0x00, 0x00,
	0x00, 0x00, 0x00, 0x00, 0x00, 0x00, 0x00, 0x00, 0x00, 0x00, 0x43, 0xBC, 0xF4, 0xF4, 0xF4, 0xEB,
	0x00, 0x00, 0x00, 0x00, 0x00, 0x00, 0x00, 0x00, 0x00, 0x00, 0x00, 0x00, 0x00, 0x00, 0x00, 0x00,
	0x00, 0x00, 0x00, 0xF7, 0xF4, 0xF4, 0xF4, 0xF7, 0x00, 0x00, 0x00, 0x00, 0x00, 0x00, 0x00, 0x00,
	0x00, 0x00, 0x00, 0x00, 0x00, 0x00, 0x00, 0x00, 0x00, 0x43, 0xBC, 0xF4, 0xF4, 0xF4, 0x0C, 0x00,
	0x00, 0x00, 0x00, 0x00, 0x0C, 0x0C, 0x00, 0x00, 0x00, 0x00, 0x00, 0x00, 0xF7, 0xF4, 0xF4, 0xF4,
	0xEB, 0x00, 0x00, 0x00, 0x00, 0x00, 0x00, 0x0C, 0x43, 0x00, 0x00, 0x00, 0x00, 0x43, 0xBC, 0xF4,
	0xF4, 0xF4, 0xEB, 0x00, 0x00, 0x00, 0x00, 0x00, 0x00, 0x00, 0x00, 0x00, 0x00, 0x00, 0x00, 0x00,
	0x00, 0x00, 0x00, 0x00, 0x00, 0x00, 0x00, 0x00, 0x00, 0x00, 0x00, 0x00, 0x00, 0x00, 0x00, 0x00,
	0x00, 0x00, 0x00, 0x00, 0x00, 0x00, 0x00, 0x00, 0x00, 0x00, 0x00, 0x00, 0x00, 0x00, 0x00, 0x00,
	0x00, 0x00, 0x00, 0x00, 0x00, 0x00, 0x00, 0x00, 0x00, 0x00, 0x00, 0x00, 0x00, 0x00, 0x00, 0x00,
	0x00, 0x00, 0x00, 0x00, 0x00, 0x00, 0x00, 0x00, 0x00, 0x00, 0x00, 0x00, 0x00, 0x43, 0xBC, 0xF4,
	0xF4, 0xF4, 0xEB, 0x00, 0x00, 0x00, 0x00, 0x00, 0x00, 0x00, 0x00, 0x00, 0x00, 0x00, 0x00, 0x00,
	0x00, 0x00, 0x00, 0x00, 0x00, 0x00, 0xF7, 0xF4, 0xF4, 0xF4, 0xF7, 0x00, 0x00, 0x00, 0x00, 0x00,
	0x00, 0x00, 0x00, 0x00, 0x00, 0x00, 0x00, 0x00, 0x00, 0x00, 0x00, 0x00, 0x43, 0xBC, 0xF4, 0xF4,
	0xF4, 0x0C, 0x00, 0x00, 0x00, 0x00, 0x00, 0x00, 0x00, 0x00, 0x00, 0x00, 0x00, 0x00, 0x00, 0xF7,
	0xF4, 0xF4, 0xF4, 0xEB, 0x00, 0x00, 0x00, 0x00, 0x00, 0x00, 0x00, 0x00, 0x00, 0x00, 0x00, 0x00,
	0x43, 0xBC, 0xF4, 0xF4, 0xF4, 0xEB, 0x00, 0x00, 0x00, 0x00, 0x00, 0x00, 0x00, 0x00, 0x00, 0x00,
	0x00, 0x00, 0x00, 0x00, 0x00, 0x00, 0x00, 0x00, 0x00, 0x00, 0x00, 0x00, 0x00, 0x00, 0x00, 0x00,
	0x00, 0x00, 0x00, 0x00, 0x00, 0x00, 0x00, 0x00, 0x00, 0x00, 0x00, 0x00, 0x00, 0x00, 0x00, 0x00,
	0x00, 0x00, 0x00, 0x00, 0x00, 0x00, 0x00, 0x00, 0x00, 0x00, 0x00, 0x00, 0x00, 0x00, 0x00, 0x00,
	0x00, 0x00, 0x00, 0x00, 0x00, 0x00, 0x00, 0x00, 0x00, 0x00, 0x00, 0x00, 0x00, 0x00, 0x00, 0x00,
	0x43, 0xBC, 0xF4, 0xF4, 0xF4, 0xEB, 0x00, 0x00, 0x00, 0x00, 0x00, 0x00, 0x00, 0x00, 0x00, 0x00,
	0x00, 0x00, 0x00, 0x00, 0x00, 0x00, 0x00, 0x00, 0x00, 0xF7, 0xF4, 0xF4, 0xF4, 0xF7, 0x00, 0x00,
	0x00, 0x00, 0x00, 0x00, 0x00, 0x00, 0x00, 0x00, 0x00, 0x00, 0x00, 0x00, 0x00, 0x00, 0x00, 0x43,
	0xBC, 0xF4, 0xF4, 0xF4, 0x0C, 0x00, 0x00, 0x00, 0x00, 0x00, 0x00, 0x00, 0x00, 0x00, 0x00, 0x00,
	0x00, 0x00, 0xF7, 0xF4, 0xF4, 0xF4, 0xEB, 0x00, 0x00, 0x00, 0x00, 0x00, 0x00, 0x00, 0x00, 0x00,
	0x00, 0x00, 0x00, 0x43, 0xBC, 0xF4, 0xF4, 0xF4, 0xEB, 0x00, 0x00, 0x00, 0x00, 0x00, 0x00, 0x00,
	0x00, 0x00, 0x00, 0x00, 0x00, 0x00, 0x00, 0x00, 0x00, 0x00, 0x00, 0x00, 0x00, 0x00, 0x00, 0x00,
	0x00, 0x00, 0x00, 0x00, 0x00, 0x00, 0x00, 0x00, 0x00, 0x00, 0x00, 0x00, 0x00, 0x00, 0x00, 0x00,
	0x00, 0x00, 0x00, 0x00, 0x00, 0x00, 0x00, 0x00, 0x00, 0x00, 0x00, 0x00, 0x00, 0x00, 0x00, 0x00,
	0x00, 0x00, 0x00, 0x00, 0x00, 0x00, 0x00, 0x00, 0x00, 0x00, 0x00, 0x00, 0x00, 0x00, 0x00, 0x00,
	0x00, 0x00, 0x00, 0x43, 0xBC, 0xF4, 0xF4, 0xF4, 0xEB, 0x00, 0x00, 0x00, 0x00, 0x00, 0x00, 0x00,
	0x43, 0xED, 0x43, 0x00, 0x00, 0x00, 0x00, 0x00, 0x00, 0x00, 0x00, 0x00, 0xF7, 0xF4, 0xF4, 0xF4,
	0xF7, 0x00, 0x00, 0x00, 0x00, 0x00, 0x00, 0x00, 0x00, 0x00, 0x00, 0x00, 0x00, 0x00, 0x00, 0x00,
	0x00, 0x00, 0x43, 0xBC, 0xF4, 0xF4, 0xF4, 0x0C, 0x00, 0x00, 0x00, 0x00, 0x00, 0x00, 0x00, 0x00,
	0x00, 0x00, 0x00, 0x00, 0x00, 0xF7, 0xF4, 0xF4, 0xF4, 0xEB, 0x00, 0x00, 0x00, 0x00, 0x00, 0x00,
	0x00, 0x00, 0x00, 0x00, 0x00, 0x00, 0x43, 0xBC, 0xF4, 0xF4, 0xF4, 0xEB, 0x00, 0x00, 0x00, 0x00,
	0x00, 0x00, 0x00, 0x43, 0xED, 0x43, 0x00, 0x00, 0x00, 0x00, 0x00, 0x00, 0x00, 0x00, 0x00, 0x00,
	0x00, 0x00, 0x00, 0x00, 0x00, 0x00, 0x00, 0x00, 0x00, 0x00, 0x00, 0x00, 0x00, 0x00, 0x00, 0x00,
	0x00, 0x00, 0x00, 0x00, 0x00, 0x00, 0x00, 0x00, 0xF2, 0xF2, 0xF2, 0xF2, 0xF2, 0xF2, 0xF2, 0x00,
	0x00, 0x00, 0xF2, 0xF2, 0xF2, 0xF2, 0xF2, 0xF2, 0xF2, 0x00, 0x00, 0x00, 0xF2, 0xF2, 0xF2, 0xF2,
	0xF2, 0xF2, 0xF2, 0x00, 0x00, 0x00, 0x43, 0xBC, 0xF4, 0xF4, 0xF4, 0xF4, 0xF2, 0xF2, 0xF2, 0xF2,
	0xF2, 0xF2, 0xF2, 0xF2, 0xF4, 0x43, 0x00, 0x00, 0x00, 0x00, 0x00, 0x00, 0x00, 0x00, 0x00, 0xF7,
	0xF4, 0xF4, 0xF4, 0xF7, 0x00, 0x00, 0x00, 0x00, 0x00, 0x00, 0x00, 0x00, 0x00, 0x00, 0x00, 0x00,
	0x00, 0x00, 0x00, 0x00, 0x00, 0x43, 0xBC, 0xF4, 0xF4, 0xF4, 0x0C, 0x00, 0x00, 0x00, 0x00, 0x00,
	0x00, 0x00, 0x00, 0x00, 0x00, 0x00, 0x00, 0x00, 0xF7, 0xF4, 0xF4, 0xF4, 0xEB, 0x00, 0x00, 0x00,
	0x00, 0x00, 0x00, 0x00, 0x00, 0x00, 0x00, 0x00, 0x00, 0x43, 0xBC, 0xF4, 0xF4, 0xF4, 0xF4, 0xF2,
	0xF2, 0xF2, 0xF2, 0xF2, 0xF2, 0xF2, 0xF2, 0xF4, 0x43, 0x00, 0x00, 0x00, 0x00, 0x00, 0x00, 0x00,
	0xF2, 0xF2, 0xF2, 0xF2, 0xF2, 0xF2, 0xF2, 0x00, 0x00, 0x00, 0xF2, 0xF2, 0xF2, 0xF2, 0xF2, 0xF2,
	0xF2, 0x00, 0x00, 0x00, 0xF2, 0xF2, 0xF2, 0xF2, 0xF2, 0xF2, 0xF2, 0xF4, 0xF4, 0xF4, 0xF4, 0xF4,
	0xF4, 0xF4, 0x00, 0x00, 0x00, 0xF4, 0xF4, 0xF4, 0xF4, 0xF4, 0xF4, 0xF4, 0x00, 0x00, 0x00, 0xF4,
	0xF4, 0xF4, 0xF4, 0xF4, 0xF4, 0xF4, 0x00, 0x00, 0x00, 0x43, 0xBC, 0xF4, 0xF4, 0xF4, 0xF4, 0xF4,
	0xF4, 0xF4, 0xF4, 0xF4, 0xF4, 0xF4, 0xF4, 0xF4, 0x43, 0x00, 0x00, 0x00, 0x00, 0x00, 0x00, 0x00,
	0x00, 0x00, 0xF7, 0xF4, 0xF4, 0xF4, 0xF7, 0x00, 0x00, 0x00, 0x00, 0x00, 0x00, 0x00, 0x00, 0x00,
	0x00, 0x00, 0x00, 0x00, 0x00, 0x00, 0x00, 0x00, 0x43, 0xBC, 0xF4, 0xF4, 0xF4, 0x0C, 0x00, 0x00,
	0x00, 0x00, 0x00, 0x00, 0x00, 0x00, 0x00, 0x00, 0x00, 0x00, 0x00, 0xF7, 0xF4, 0xF4, 0xF4, 0xEB,
	0x00, 0x00, 0x00, 0x00, 0x00, 0x00, 0x00, 0x00, 0x00, 0x00, 0x00, 0x00, 0x43, 0xBC, 0xF4, 0xF4,
	0xF4, 0xF4, 0xF4, 0xF4, 0xF4, 0xF4, 0xF4, 0xF4, 0xF4, 0xF4, 0xF4, 0x43, 0x00, 0x00, 0x00, 0x00,
	0x00, 0x00, 0x00, 0xF4, 0xF4, 0xF4, 0xF4, 0xF4, 0xF4, 0xF4, 0x00, 0x00, 0x00, 0xF4, 0xF4, 0xF4,
	0xF4, 0xF4, 0xF4, 0xF4, 0x00, 0x00, 0x00, 0xF4, 0xF4, 0xF4, 0xF4, 0xF4, 0xF4, 0xF4, 0xF4, 0xF4,
	0xF4, 0xF4, 0xF4, 0xF4, 0xF4, 0x00, 0x00, 0x00, 0xF4, 0xF4, 0xF4, 0xF4, 0xF4, 0xF4, 0xF4, 0x00,
	0x00, 0x00, 0xF4, 0xF4, 0xF4, 0xF4, 0xF4, 0xF4, 0xF4, 0x00, 0x00, 0x00, 0x43, 0xBC, 0xF4, 0xF4,
	0xF4, 0xF4, 0xF4, 0xF4, 0xF4, 0xF4, 0xF4, 0xF4, 0xF4, 0xF4, 0xF4, 0x43, 0x00, 0x00, 0x00, 0x00,
	0x00, 0x00, 0x00, 0x00, 0x00, 0xF7, 0xF4, 0xF4, 0xF4, 0xF7, 0x00, 0x00, 0x00, 0x00, 0x00, 0x00,
	0x00, 0x00, 0x00, 0x00, 0x00, 0x00, 0x00, 0x00, 0x00, 0x00, 0x00, 0x43, 0xBC, 0xF4, 0xF4, 0xF4,
	0x0C, 0x00, 0x00, 0x00, 0x00, 0x00, 0x00, 0x00, 0x00, 0x00, 0x00, 0x00, 0x00, 0x00, 0xF7, 0xF4,
	0xF4, 0xF4, 0xEB, 0x00, 0x00, 0x00, 0x00, 0x00, 0x00, 0x00, 0x00, 0x00, 0x00, 0x00, 0x00, 0x43,
	0xBC, 0xF4, 0xF4, 0xF4, 0xF4, 0xF4, 0xF4, 0xF4, 0xF4, 0xF4, 0xF4, 0xF4, 0xF4, 0xF4, 0x43, 0x00,
	0x00, 0x00, 0x00, 0x00, 0x00, 0x00, 0xF4, 0xF4, 0xF4, 0xF4, 0xF4, 0xF4, 0xF4, 0x00, 0x00, 0x00,
	0xF4, 0xF4, 0xF4, 0xF4, 0xF4, 0xF4, 0xF4, 0x00, 0x00, 0x00, 0xF4, 0xF4, 0xF4, 0xF4, 0xF4, 0xF4,
	0xF4, 0xEB, 0x29, 0x29, 0x29, 0x29, 0x29, 0x29, 0x00, 0x00, 0x00, 0xEB, 0x29, 0x29, 0x29, 0x29,
	0x29, 0x29, 0x00, 0x00, 0x00, 0xEB, 0x29, 0x29, 0x29, 0x29, 0x29, 0x29, 0x00, 0x00, 0x00, 0x43,
	0xBC, 0xF4, 0xF4, 0xF4, 0xF7, 0xEB, 0x29, 0x29, 0x29, 0x29, 0x29, 0x29, 0xF8, 0xBC, 0x43, 0x00,
	0x00, 0x00, 0x00, 0x00, 0x00, 0x00, 0x00, 0x00, 0xF7, 0xF4, 0xF4, 0xF4, 0xF7, 0x00, 0x00, 0x00,
	0x00, 0x00, 0x00, 0x00, 0x00, 0x00, 0x00, 0x00, 0x00, 0x00, 0x00, 0x00, 0x00, 0x00, 0x43, 0xBC,
	0xF4, 0xF4, 0xF4, 0x0C, 0x00, 0x00, 0x00, 0x00, 0x00, 0x00, 0x00, 0x00, 0x00, 0x00, 0x00, 0x00,
	0x00, 0xF7, 0xF4, 0xF4, 0xF4, 0xEB, 0x00, 0x00, 0x00, 0x00, 0x00, 0x00, 0x00, 0x00, 0x00, 0x00,
	0x00, 0x00, 0x43, 0xBC, 0xF4, 0xF4, 0xF4, 0xF7, 0xEB, 0x29, 0x29, 0x29, 0x29, 0x29, 0x29, 0xF8,
	0xBC, 0x43, 0x00, 0x00, 0x00, 0x00, 0x00, 0x00, 0x00, 0xEB, 0x29, 0x29, 0x29, 0x29, 0x29, 0x29,
	0x00, 0x00, 0x00, 0xEB, 0x29, 0x29, 0x29, 0x29, 0x29, 0x29, 0x00, 0x00, 0x00, 0xEB, 0x29, 0x29,
	0x29, 0x29, 0x29, 0x29, 0x00, 0x00, 0x00, 0x00, 0x00, 0x00, 0x00, 0x00, 0x00, 0x00, 0x00, 0x00,
	0x00, 0x00, 0x00, 0x00, 0x00, 0x00, 0x00, 0x00, 0x00, 0x00, 0x00, 0x00, 0x00, 0x00, 0x00, 0x00,
	0x00, 0x00, 0x43, 0xBC, 0xF4, 0xF4, 0xF4, 0xEB, 0x00, 0x00, 0x00, 0x00, 0x00, 0x00, 0x00, 0x00,
	0x29, 0x43, 0x00, 0x00, 0x00, 0x00, 0x00, 0x00, 0x00, 0x00, 0x00, 0xF7, 0xF4, 0xF4, 0xF4, 0xF7,
	0x00, 0x00, 0x00, 0x00, 0x00, 0x00, 0x00, 0x00, 0x00, 0x00, 0x00, 0x00, 0x00, 0x00, 0x00, 0x00,
	0x00, 0x43, 0xBC, 0xF4, 0xF4, 0xF4, 0x0C, 0x00, 0x00, 0x00, 0x00, 0x00, 0x00, 0x00, 0x00, 0x00,
	0x00, 0x00, 0x00, 0x00, 0xF7, 0xF4, 0xF4, 0xF4, 0xEB, 0x00, 0x00, 0x00, 0x00, 0x00, 0x00, 0x00,
	0x00, 0x00, 0x00, 0x00, 0x00, 0x43, 0xBC, 0xF4, 0xF4, 0xF4, 0xEB, 0x00, 0x00, 0x00, 0x00, 0x00,
	0x00, 0x00, 0x00, 0x29, 0x43, 0x00, 0x00, 0x00, 0x00, 0x00, 0x00, 0x00, 0x00, 0x00, 0x00, 0x00,
	0x00, 0x00, 0x00, 0x00, 0x00, 0x00, 0x00, 0x00, 0x00, 0x00, 0x00, 0x00, 0x00, 0x00, 0x00, 0x00,
	0x00, 0x00, 0x00, 0x00, 0x00, 0x00, 0x00, 0x00, 0x00, 0x00, 0x00, 0x00, 0x00, 0x00, 0x00, 0x00,
	0x00, 0x00, 0x00, 0x00, 0x00, 0x00, 0x00, 0x00, 0x00, 0x00, 0x00, 0x00, 0x00, 0x00, 0x00, 0x00,
	0x00, 0x00, 0x00, 0x00, 0x00, 0x43, 0xBC, 0xF4, 0xF4, 0xF4, 0xEB, 0x00, 0x00, 0x00, 0x00, 0x00,
	0x00, 0x00, 0x00, 0x00, 0x00, 0x00, 0x00, 0x00, 0x00, 0x00, 0x00, 0x00, 0x00, 0x00, 0xF7, 0xF4,
	0xF4, 0xF4, 0xF7, 0x00, 0x00, 0x00, 0x00, 0x00, 0x00, 0x00, 0x00, 0x00, 0x00, 0x00, 0x00, 0x00,
	0x00, 0x00, 0x00, 0x00, 0x43, 0xBC, 0xF4, 0xF4, 0xF4, 0x0C, 0x00, 0x00, 0x00, 0x00, 0x00, 0x00,
	0x00, 0x00, 0x00, 0x00, 0x00, 0x00, 0x00, 0xF7, 0xF4, 0xF4, 0xF4, 0xEB, 0x00, 0x00, 0x00, 0x00,
	0x00, 0x00, 0x00, 0x00, 0x00, 0x00, 0x00, 0x00, 0x43, 0xBC, 0xF4, 0xF4, 0xF4, 0xEB, 0x00, 0x00,
	0x00, 0x00, 0x00, 0x00, 0x00, 0x00, 0x00, 0x00, 0x00, 0x00, 0x00, 0x00, 0x00, 0x00, 0x00, 0x00,
	0x00, 0x00, 0x00, 0x00, 0x00, 0x00, 0x00, 0x00, 0x00, 0x00, 0x00, 0x00, 0x00, 0x00, 0x00, 0x00,
	0x00, 0x00, 0x00, 0x00, 0x00, 0x00, 0x00, 0x00, 0x00, 0x00, 0x00, 0x00, 0x00, 0x00, 0x00, 0x00,
	0x00, 0x00, 0x00, 0x00, 0x00, 0x00, 0x00, 0x00, 0x00, 0x00, 0x00, 0x00, 0x00, 0x00, 0x00, 0x00,
	0x00, 0x00, 0x00, 0x00, 0x00, 0x00, 0x00, 0x00, 0x43, 0xBC, 0xF4, 0xF4, 0xF4, 0xEB, 0x00, 0x00,
	0x00, 0x00, 0x00, 0x00, 0x00, 0x00, 0x00, 0x00, 0x00, 0x00, 0x00, 0x00, 0x00, 0x00, 0x00, 0x00,
	0x00, 0xF7, 0xF4, 0xF4, 0xF4, 0xF7, 0x00, 0x00, 0x00, 0x00, 0x00, 0x00, 0x00, 0x00, 0x00, 0x00,
	0x00, 0x00, 0x00, 0x00, 0x00, 0x00, 0x00, 0x43, 0xBC, 0xF4, 0xF4, 0xF4, 0x0C, 0x00, 0x00, 0x00,
	0x00, 0x00, 0x00, 0x00, 0x00, 0x00, 0x00, 0x00, 0x00, 0x00, 0xF7, 0xF4, 0xF4, 0xF4, 0xEB, 0x00,
	0x00, 0x00, 0x00, 0x00, 0x00, 0x00, 0x00, 0x00, 0x00, 0x00, 0x00, 0x43, 0xBC, 0xF4, 0xF4, 0xF4,
	0xEB, 0x00, 0x00, 0x00, 0x00, 0x00, 0x00, 0x00, 0x00, 0x00, 0x00, 0x00, 0x00, 0x00, 0x00, 0x00,
	0x00, 0x00, 0x00, 0x00, 0x00, 0x00, 0x00, 0x00, 0x00, 0x00, 0x00, 0x00, 0x00, 0x00, 0x00, 0x00,
	0x00, 0x00, 0x00, 0x00, 0x00, 0x00, 0x00, 0x00, 0x00, 0x00, 0x00, 0x00, 0x00, 0x00, 0x00, 0x00,
	0x00, 0x00, 0x00, 0x00, 0x00, 0x00, 0x00, 0x00, 0x00, 0x00, 0x00, 0x00, 0x00, 0x00, 0x00, 0x00,
	0x00, 0x00, 0x00, 0x00, 0x00, 0x00, 0x00, 0x00, 0x00, 0x00, 0x00, 0x43, 0xBC, 0xF4, 0xF4, 0xF4,
	0xEB, 0x00, 0x00, 0x00, 0x00, 0x00, 0x00, 0x00, 0x00, 0x00, 0x00, 0x00, 0x00, 0x43, 0x43, 0x00,
	0x00, 0x00, 0x00, 0x00, 0xF7, 0xF4, 0xF4, 0xF4, 0xF7, 0x00, 0x00, 0x00, 0x00, 0x00, 0x00, 0x00,
	0x00, 0x00, 0x00, 0x00, 0x00, 0x00, 0x43, 0x43, 0x00, 0x00, 0x43, 0xBC, 0xF4, 0xF4, 0xF4, 0x0C,
	0x00, 0x00, 0x00, 0x00, 0x00, 0x00, 0x00, 0x00, 0x00, 0x00, 0x00, 0x00, 0x00, 0xF7, 0xF4, 0xF4,
	0xF4, 0xEB, 0x00, 0x00, 0x00, 0x00, 0x00, 0x00, 0x00, 0x00, 0x00, 0x00, 0x00, 0x00, 0x43, 0xBC,
	0xF4, 0xF4, 0xF4, 0xEB, 0x00, 0x00, 0x00, 0x00, 0x00, 0x00, 0x00, 0x00, 0x00, 0x00, 0x00, 0x00,
	0x43, 0x43, 0x00, 0x00, 0x00, 0x00, 0x00, 0x00, 0x00, 0x00, 0x00, 0x00, 0x00, 0x00, 0x00, 0x00,
	0x00, 0x00, 0x00, 0x00, 0x00, 0x00, 0x00, 0x00, 0x00, 0x00, 0x00, 0x00, 0x00, 0x00, 0x00, 0x00,
	0x00, 0x00, 0x00, 0x00, 0x00, 0x00, 0x00, 0x00, 0x00, 0x00, 0x00, 0x00, 0x00, 0x00, 0x00, 0x00,
	0x00, 0x00, 0x00, 0x00, 0x00, 0x00, 0x00, 0x00, 0x00, 0x00, 0x00, 0x00, 0x00, 0x00, 0x43, 0xBC,
	0xF4, 0xF4, 0xF4, 0xF7, 0xEB, 0x29, 0x29, 0x29, 0x29, 0x29, 0x29, 0x29, 0x29, 0x29, 0x29, 0x29,
	0xF7, 0xEB, 0x00, 0x00, 0x00, 0x00, 0x00, 0xF7, 0xF4, 0xF4, 0xF4, 0x07, 0x29, 0x29, 0x29, 0x29,
	0x29, 0x29, 0x29, 0x29, 0x29, 0x29, 0x29, 0x29, 0xEB, 0x32, 0x0C, 0x00, 0x00, 0x43, 0xBC, 0xF4,
	0xF4, 0xF4, 0x0C, 0x00, 0x00, 0x00, 0x00, 0x00, 0x00, 0x00, 0x00, 0x00, 0x00, 0x00, 0x00, 0x00,
	0xF7, 0xF4, 0xF4, 0xF4, 0xEB, 0x00, 0x00, 0x00, 0x00, 0x00, 0x00, 0x00, 0x00, 0x00, 0x00, 0x00,
	0x00, 0x43, 0xBC, 0xF4, 0xF4, 0xF4, 0xF7, 0xEB, 0x29, 0x29, 0x29, 0x29, 0x29, 0x29, 0x29, 0x29,
	0x29, 0x29, 0x29, 0xF7, 0xEB, 0x00, 0x00, 0x00, 0x00, 0x00, 0x00, 0x00, 0x00, 0x00, 0x00, 0x00,
	0x00, 0x00, 0x00, 0x00, 0x00, 0x00, 0x00, 0x00, 0x00, 0x00, 0x00, 0x00, 0x00, 0x00, 0x00, 0x00,
	0x00, 0x00, 0x00, 0x00, 0x00, 0x00, 0x00, 0x00, 0x00, 0x00, 0x00, 0x00, 0x00, 0x00, 0x00, 0x00,
	0x00, 0x00, 0x00, 0x00, 0x00, 0x00, 0x00, 0x00, 0x00, 0x00, 0x00, 0x00, 0x00, 0x00, 0x00, 0x00,
	0x00, 0x43, 0xBC, 0xF4, 0xF4, 0xF4, 0xF4, 0xF4, 0xF4, 0xF4, 0xF4, 0xF4, 0xF4, 0xF4, 0xF4, 0xF4,
	0xF4, 0xF4, 0xF4, 0xF4, 0xEB, 0x00, 0x00, 0x00, 0x00, 0x00, 0xF7, 0xF4, 0xF4, 0xF4, 0xF4, 0xF4,
	0xF4, 0xF4, 0xF4, 0xF4, 0xF4, 0xF4, 0xF4, 0xF4, 0xF4, 0xF4, 0xF4, 0xF4, 0xF4, 0x0C, 0x00, 0x00,
	0x43, 0xBC, 0xF4, 0xF4, 0xF4, 0x0C, 0x00, 0x00, 0x00, 0x00, 0x00, 0x00, 0x00, 0x00, 0x00, 0x00,
	0x00, 0x00, 0x00, 0xF7, 0xF4, 0xF4, 0xF4, 0xEB, 0x00, 0x00, 0x00, 0x00, 0x00, 0x00, 0x00, 0x00,
	0x00, 0x00, 0x00, 0x00, 0x43, 0xBC, 0xF4, 0xF4, 0xF4, 0xF4, 0xF4, 0xF4, 0xF4, 0xF4, 0xF4, 0xF4,
	0xF4, 0xF4, 0xF4, 0xF4, 0xF4, 0xF4, 0xF4, 0xEB, 0x00, 0x00, 0x00, 0x00, 0x00, 0x00, 0x00, 0x00,
	0x00, 0x00, 0x00, 0x00, 0x00, 0x00, 0x00, 0x00, 0x00, 0x00, 0x00, 0x00, 0x00, 0x00, 0x00, 0x00,
	0x00, 0x00, 0x00, 0x00, 0x00, 0x00, 0x00, 0x00, 0x00, 0x00, 0x00, 0x00, 0x00, 0x00, 0x00, 0x00,
	0x00, 0x00, 0x00, 0x00, 0x00, 0x00, 0x00, 0x00, 0x00, 0x00, 0x00, 0x00, 0x00, 0x00, 0x00, 0x00,
	0x00, 0x00, 0x00, 0x00, 0x43, 0xBC, 0xF4, 0xF4, 0xF4, 0xF4, 0xF4, 0xF4, 0xF4, 0xF4, 0xF4, 0xF4,
	0xF4, 0xF4, 0xF4, 0xF4, 0xF4, 0xF4, 0xF4, 0xEB, 0x00, 0x00, 0x00, 0x00, 0x00, 0x32, 0xF4, 0xF4,
	0xF4, 0xF4, 0xF4, 0xF4, 0xF4, 0xF4, 0xF4, 0xF4, 0xF4, 0xF4, 0xF4, 0xF4, 0xF4, 0xF4, 0xF4, 0xF4,
	0x0C, 0x00, 0x00, 0x43, 0xF2, 0xF4, 0xF4, 0xF4, 0x29, 0x00, 0x00, 0x00, 0x00, 0x00, 0x00, 0x00,
	0x00, 0x00, 0x00, 0x00, 0x00, 0x43, 0x32, 0xF4, 0xF4, 0xF4, 0xED, 0x00, 0x00, 0x00, 0x00, 0x00,
	0x00, 0x00, 0x00, 0x00, 0x00, 0x00, 0x00, 0x43, 0xBC, 0xF4, 0xF4, 0xF4, 0xF4, 0xF4, 0xF4, 0xF4,
	0xF4, 0xF4, 0xF4, 0xF4, 0xF4, 0xF4, 0xF4, 0xF4, 0xF4, 0xF4, 0xEB, 0x00, 0x00, 0x00, 0x00, 0x00,
	0x00, 0x00, 0x00, 0x00, 0x00, 0x00, 0x00, 0x00, 0x00, 0x00, 0x00, 0x00, 0x00, 0x00, 0x00, 0x00,
	0x00, 0x00, 0x00, 0x00, 0x00, 0x00, 0x00, 0x00, 0x00, 0x00, 0x00, 0x00, 0x00, 0x00, 0x00, 0x00,
	0x00, 0x00, 0x00, 0x00, 0x00, 0x00, 0x00, 0x00, 0x00, 0x00, 0x00, 0x00, 0x00, 0x00, 0x00, 0x00,
	0x00, 0x00, 0x00, 0x00, 0x00, 0x00, 0x00, 0x32, 0xF2, 0xF2, 0xF2, 0xF2, 0xF2, 0xF2, 0xF2, 0xF2,
	0xF2, 0xF2, 0xF2, 0xF2, 0xF2, 0xF2, 0xF2, 0xF2, 0xF2, 0xF4, 0xEB, 0x00, 0x00, 0x00, 0x00, 0xF8,
	0xF2, 0xF2, 0xF2, 0xF2, 0xF2, 0xF2, 0xF2, 0xF2, 0xF2, 0xF2, 0xF2, 0xF2, 0xF2, 0xF2, 0xF2, 0xF2,
	0xF2, 0xF2, 0xF2, 0x0C, 0x00, 0x00, 0x32, 0xF2, 0xF2, 0xF2, 0xF2, 0xF2, 0xF8, 0x00, 0x00, 0x00,
	0x00, 0x00, 0x00, 0x00, 0x00, 0x00, 0x00, 0x00, 0xF7, 0xF2, 0xF2, 0xF2, 0xF2, 0xF2, 0x29, 0x00,
	0x00, 0x00, 0x00, 0x00, 0x00, 0x00, 0x00, 0x00, 0x00, 0x00, 0x32, 0xF2, 0xF2, 0xF2, 0xF2, 0xF2,
	0xF2, 0xF2, 0xF2, 0xF2, 0xF2, 0xF2, 0xF2, 0xF2, 0xF2, 0xF2, 0xF2, 0xF2, 0xF4, 0xEB, 0x00, 0x00,
	0x00, 0x00, 0x00, 0x00, 0x00, 0x00, 0x00, 0x00, 0x00, 0x00, 0x00, 0x00, 0x00, 0x00, 0x00, 0x00,
	0x00, 0x00, 0x00, 0x00, 0x00, 0x00, 0x00, 0x00, 0x00, 0x00, 0x00, 0x00, 0x00, 0x00, 0x00, 0x00,
	0x00, 0x00, 0x00, 0x00, 0x00, 0x00, 0x00, 0x00, 0x00, 0x00, 0x00, 0x00, 0x00, 0x00, 0x00, 0x00,
	0x00, 0x00, 0x00, 0x00, 0x00, 0x00, 0x00, 0x00, 0x00, 0x00, 0x00, 0x00, 0x00, 0x00, 0x00, 0x00,
	0x00, 0x00, 0x00, 0x00, 0x00, 0x00, 0x00, 0x00, 0x00, 0x00, 0x00, 0x00, 0x00, 0x00, 0x00, 0x00,
	0x00, 0x00, 0x00, 0x00, 0x00, 0x00, 0x00, 0x00, 0x00, 0x00, 0x00, 0x00, 0x00, 0x00, 0x00, 0x00,
	0x00, 0x00, 0x00, 0x00, 0x00, 0x00, 0x00, 0x00, 0x00, 0x00, 0x00, 0x00, 0x00, 0x00, 0x00, 0x00,
	0x00, 0x00, 0x00, 0x00, 0x00, 0x00, 0x00, 0x00, 0x00, 0x00, 0x00, 0x00, 0x00, 0x00, 0x00, 0x00,
	0x00, 0x00, 0x00, 0x00, 0x00, 0x00, 0x00, 0x00, 0x00, 0x00, 0x00, 0x00, 0x00, 0x00, 0x00, 0x00,
	0x00, 0x00, 0x00, 0x00, 0x00, 0x00, 0x00, 0x00, 0x00, 0x00, 0x00, 0x00, 0x00, 0x00, 0x00, 0x00,
	0x00, 0x00, 0x00, 0x00, 0x00, 0x00, 0x00, 0x00, 0x00, 0x00, 0x00, 0x00, 0x00, 0x00, 0x00, 0x00,
	0x00, 0x00, 0x00, 0x00, 0x00, 0x00, 0x00, 0x00, 0x00, 0x00, 0x00, 0x00, 0x00, 0x00, 0x00, 0x00,
	0x00, 0x00, 0x00, 0x00, 0x00, 0x00, 0x00, 0x00, 0x00, 0x00, 0x00, 0x00, 0x00, 0x00, 0x00, 0x00,
	0x00, 0x00, 0x00, 0x00, 0x00, 0x00, 0x00, 0x00, 0x00, 0x00, 0x00, 0x00, 0x00, 0x00, 0x00, 0x00,
	0x00, 0x00, 0x00, 0x00, 0x00, 0x00, 0x00, 0x00, 0x00, 0x00, 0x00, 0x00, 0x00, 0x00, 0x00, 0x00,
	0x00, 0x00, 0x00, 0x00, 0x00, 0x00, 0x00, 0x00, 0x00, 0x00, 0x00, 0x00, 0x00, 0x00, 0x00, 0x00,
	0x00, 0x00, 0x00, 0x00, 0x00, 0x00, 0x00, 0x00, 0x00, 0x00, 0x00, 0x00, 0x00, 0x00, 0x00, 0x00,
	0x00, 0x00, 0x00, 0x00, 0x00, 0x00, 0x00, 0x00, 0x00, 0x00, 0x00, 0x00, 0x00, 0x00, 0x00, 0x00,
	0x00, 0x00, 0x00, 0x00, 0x00, 0x00, 0x00, 0x00, 0x00, 0x00, 0x00, 0x00, 0x00, 0x00, 0x00, 0x00,
	0x00, 0x00, 0x00, 0x00, 0x00, 0x00, 0x00, 0x00, 0x00, 0x00, 0x00, 0x00, 0x00, 0x00, 0x00, 0x00,
	0x00, 0x00, 0x00, 0x00, 0x00, 0x00, 0x00, 0x00, 0x00, 0x00, 0x00, 0x00, 0x00, 0x00, 0x00, 0x00,
	0x00, 0x00, 0x00, 0x00, 0x00, 0x00, 0x00, 0x00, 0x00, 0x00, 0x00, 0x00, 0x00, 0x00, 0x00, 0x00,
	0x00, 0x00, 0x00, 0x00, 0x00, 0x00, 0x00, 0x00, 0x00, 0x00, 0x00, 0x00, 0x00, 0x00, 0x00, 0x00,
	0x00, 0x00, 0x00, 0x00, 0x00, 0x00, 0x00, 0x00, 0x00, 0x00, 0x00, 0x00, 0x00, 0x00, 0x00, 0x00,
	0x00, 0x00, 0x00, 0x00, 0x00, 0x00, 0x00, 0x00, 0x00, 0x00, 0x00, 0x00, 0x00, 0x00, 0x00, 0x00,
	0x00, 0x00, 0x00, 0x00, 0x00, 0x00, 0x00, 0x00, 0x00, 0x00, 0x00, 0x00, 0x00, 0x00, 0x00, 0x00,
	0x00, 0x00, 0x00, 0x00, 0x00, 0x00, 0x00, 0x00, 0x00, 0x00, 0x00, 0x00, 0x00, 0x00, 0x00, 0x00,
	0x00, 0x00, 0x00, 0x00, 0x00, 0x00, 0x00, 0x00, 0x00, 0x00, 0x00, 0x00, 0x00, 0x00, 0x00, 0x00,
	0x00, 0x00, 0x00, 0x00, 0x00, 0x00, 0x00, 0x00, 0x00, 0x00, 0x00, 0x00, 0x00, 0x00, 0x00, 0x00,
	0x00, 0x00, 0x00, 0x00, 0x00, 0x00, 0x00, 0x00, 0x00, 0x00, 0x00, 0x00, 0x00, 0x00, 0x00, 0x00,
	0x00, 0x00, 0x00, 0x00, 0x00, 0x00, 0x00, 0x00, 0x00, 0x00, 0x00, 0x00, 0x00, 0x00, 0x00, 0x00,
	0x00, 0x00, 0x00, 0x00, 0x00, 0x00, 0x00, 0x00, 0x00, 0x00, 0x00, 0x00, 0x00, 0x00, 0x00, 0x00,
	0x00, 0x00, 0x00, 0x00, 0x00, 0x00, 0x00, 0x00, 0x00, 0x00, 0x00, 0x00, 0x00, 0x00, 0x00, 0x00,
	0x00, 0x00, 0x00, 0x00, 0x00, 0x00, 0x00, 0x00, 0x00, 0x00, 0x00, 0x00, 0x00, 0x00, 0x00, 0x00,
	0x00, 0x00, 0x00, 0x00, 0x00, 0x00, 0x00, 0x00, 0x00, 0x00, 0x00, 0x00, 0x00, 0x00, 0x00, 0x00,
	0x00, 0x00, 0x00, 0x00, 0x00, 0x00, 0x00, 0x00, 0x00, 0x00, 0x00, 0x00, 0x00, 0x00, 0x00, 0x00,
	0x00, 0x00, 0x00, 0x00, 0x00, 0x00, 0x00, 0x00, 0x00, 0x00, 0x00, 0x00, 0x00, 0x00, 0x00, 0x00,
	0x00, 0x00, 0x00, 0x00, 0x00, 0x00, 0x00, 0x00, 0x00, 0x00, 0x00, 0x00, 0x00, 0x00, 0x00, 0x00,
	0x00, 0x00, 0x00, 0x00, 0x00, 0x00, 0x00, 0x00, 0x00, 0x00, 0x00, 0x00, 0x00, 0x00, 0x00, 0x00,
	0x00, 0x00, 0x00, 0x00, 0x00, 0x00, 0x00, 0x00, 0x00, 0x00, 0x00, 0x00, 0x00, 0x00, 0x00, 0x00,
	0x00, 0x00, 0x00, 0x00, 0x00, 0x00, 0x00, 0x00, 0x00, 0x00, 0x00, 0x00, 0x00, 0x00, 0x00, 0x00,
	0x00, 0x00, 0x00, 0x00, 0x00, 0x00, 0x00, 0x00, 0x00, 0x00, 0x00, 0x00, 0x00, 0x00, 0x00, 0x00,
	0x00, 0x00, 0x00, 0x00, 0x00, 0x00, 0x00, 0x00, 0x00, 0x00, 0x00, 0x00, 0x00, 0x00, 0x00, 0x00,
	0x00, 0x00, 0x00, 0x00, 0x00, 0x00, 0x00, 0x00, 0x00, 0x00, 0x00, 0x00, 0x00, 0x00, 0x00, 0x00,
	0x00, 0x00, 0x00, 0x00, 0x00, 0x00, 0x00, 0x00, 0x00, 0x00, 0x00, 0x00, 0x00, 0x00, 0x00, 0x00,
	0x00, 0x00, 0x00, 0x00, 0x00, 0x00, 0x00, 0x00, 0x00, 0x00, 0x00, 0x00, 0x00, 0x00, 0x00, 0x00,
	0x00, 0x00, 0x00, 0x00, 0x00, 0x00, 0x00, 0x00, 0x00, 0x00, 0x00, 0x00, 0x00, 0x00, 0x00, 0x00,
	0x00, 0x00, 0x00, 0x00, 0x00, 0x00, 0x00, 0x00, 0x00, 0x00, 0x00, 0x00, 0x00, 0x00, 0x00, 0x00,
	0x00, 0x00, 0x00, 0x00, 0x00, 0x00, 0x00, 0x00, 0x00, 0x00, 0x00, 0x00, 0x00, 0x00, 0x00, 0x00,
	0x00, 0x00, 0x00, 0x00, 0x00, 0x00, 0x00, 0x00, 0x00, 0x00, 0x00, 0x00, 0x00, 0x00, 0x00, 0x00,
	0x00, 0x00, 0x00, 0x00, 0x00, 0x00, 0x00, 0x00, 0x00, 0x00, 0x00, 0x00, 0x00, 0x00, 0x00, 0x00,
	0x00, 0x00, 0x00, 0x00, 0x00, 0x00, 0x00, 0x00, 0x00, 0x00, 0x00, 0x00, 0x00, 0x00, 0x00, 0x00,
	0x00, 0x00, 0x00, 0x00, 0x00, 0x00, 0x00, 0x00, 0x00, 0x00, 0x00, 0x00, 0x00, 0x00, 0x00, 0x00,
	0x00, 0x00, 0x00, 0x00, 0xBC, 0xF4, 0xF4, 0xF4, 0xF4, 0xF4, 0xF4, 0xF4, 0xF4, 0xF4, 0xF4, 0x29,
	0x00, 0x00, 0xBC, 0xF4, 0xFF, 0x29, 0x00, 0x00, 0x00, 0xBC, 0xFF, 0xFF, 0x29, 0x00, 0x00, 0xBC,
	0xBC, 0xFF, 0xFF, 0xFF, 0xFF, 0xFF, 0xFF, 0xFF, 0xFF, 0x29, 0x00, 0x00, 0x00, 0x00, 0x00, 0x00,
	0x00, 0x00, 0xBC, 0xFF, 0xFF, 0xFF, 0x00, 0x00, 0x00, 0xBC, 0xFF, 0xFF, 0x29, 0x00, 0x00, 0xBC,
	0xBC, 0xF4, 0xF4, 0xF4, 0xF4, 0xF4, 0xF4, 0xF4, 0xF4, 0x00, 0x00, 0xBC, 0xFF, 0xFF, 0x29, 0x00,
	0x00, 0x00, 0xBC, 0xF4, 0xF4, 0x29, 0x00, 0x00, 0x00, 0xFF, 0xFF, 0xFF, 0x29, 0x00, 0x00, 0x00,
	0x00, 0x00, 0x00, 0x00, 0xBC, 0xBC, 0xFF, 0xFF, 0x29, 0x00, 0x00, 0x00, 0xBC, 0xBC, 0xBC, 0xBC,
	0x00, 0xBC, 0xF4, 0xF4, 0xF4, 0xF4, 0xF4, 0xF4, 0x29, 0x00, 0x00, 0xBC, 0xFF, 0xF4, 0xF4, 0x29,
	0x00, 0x00, 0xBC, 0xF4, 0xF4, 0x29, 0x00, 0x00, 0x00, 0xBC, 0xBC, 0xBC, 0xBC, 0xBC, 0xBC, 0xBC,
	0xBC, 0x29, 0x00, 0x00, 0x00, 0x00, 0x00, 0x00, 0x00, 0x00, 0x00, 0x00, 0x00, 0x00, 0x00, 0x00,
	0x00, 0x00, 0x00, 0x00, 0x00, 0x00, 0x00, 0xBC, 0xF4, 0xF4, 0xF4, 0xF4, 0xF4, 0xF4, 0xF4, 0xF4,
	0xF4, 0xF4, 0x29, 0x00, 0x00, 0xBC, 0xF4, 0xF4, 0x29, 0x00, 0x00, 0x00, 0xBC, 0xFF, 0xFF, 0x29,
	0x00, 0x00, 0x00, 0xBC, 0xFF, 0xFF, 0xFF, 0xFF, 0xFF, 0xFF, 0xFF, 0xFF, 0x29, 0x00, 0x00, 0x00,
	0x00, 0x00, 0x00, 0x00, 0x00, 0xBC, 0xF4, 0xF4, 0xF4, 0x00, 0x00, 0x00, 0xBC, 0xF4, 0xF4, 0x29,
	0x00, 0x00, 0x00, 0xBC, 0xF4, 0xF4, 0xF4, 0xF4, 0xF4, 0xF4, 0xF4, 0xF4, 0x00, 0x00, 0xBC, 0xF4,
	0xF4, 0x29, 0x00, 0x00, 0x00, 0xBC, 0xF4, 0xF4, 0x29, 0x00, 0x00, 0x00, 0xFF, 0xFF, 0xFF, 0x29,
	0x00, 0x00, 0x00, 0x00, 0x00, 0x00, 0x00, 0x00, 0xBC, 0xFF, 0xFF, 0x29, 0x00, 0x00, 0xBC, 0xFF,
	0xFF, 0xFF, 0x29, 0x00, 0xBC, 0xF4, 0xF4, 0xF4, 0xF4, 0xF4, 0xF4, 0x29, 0x00, 0x00, 0xBC, 0xF4,
	0xF4, 0xF4, 0x29, 0x00, 0x00, 0xBC, 0xF4, 0xF4, 0x29, 0x00, 0x00, 0x00, 0xBC, 0xF4, 0xF4, 0xF4,
	0xF4, 0xF4, 0xF4, 0xF4, 0xF4, 0x29, 0x00, 0x00, 0x00, 0x00, 0x00, 0x00, 0x00, 0x00, 0x00, 0x00,
	0x00, 0x00, 0x00, 0x00, 0x00, 0x00, 0x00, 0x00, 0x00, 0x00, 0x00, 0x00, 0x00, 0x00, 0xBC, 0xF4,
	0xF4, 0x29, 0x00, 0x00, 0x00, 0x00, 0x00, 0x00, 0xBC, 0xF4, 0xF4, 0x29, 0x00, 0x00, 0x00, 0xBC,
	0xFF, 0xFF, 0x29, 0x00, 0x00, 0x00, 0xBC, 0xFF, 0xFF, 0x29, 0x29, 0x29, 0x29, 0x29, 0x29, 0x29,
	0x00, 0x00, 0x00, 0x00, 0x00, 0x00, 0x00, 0x00, 0xBC, 0xF4, 0xF4, 0xF4, 0xF4, 0x00, 0x00, 0xBC,
	0xF4, 0xF4, 0x29, 0x00, 0x00, 0x00, 0xBC, 0xF4, 0xF4, 0x29, 0x29, 0x29, 0x29, 0x29, 0x29, 0x00,
	0x00, 0x00, 0xBC, 0xF4, 0xF4, 0x29, 0x00, 0x00, 0xBC, 0xF4, 0xF4, 0x29, 0x00, 0x00, 0xF4, 0xF4,
	0xF4, 0x29, 0x00, 0x00, 0x00, 0x00, 0x00, 0x00, 0x00, 0x00, 0x00, 0xBC, 0xFF, 0xFF, 0x29, 0x00,
	0xBC, 0xFF, 0xF4, 0xF4, 0x29, 0x00, 0x00, 0x00, 0x00, 0xBC, 0xF4, 0xF4, 0x29, 0x00, 0x00, 0x00,
	0x00, 0xBC, 0xF4, 0xF4, 0xF4, 0xF4, 0x29, 0x00, 0xBC, 0xF4, 0xF4, 0x29, 0x00, 0x00, 0x00, 0xBC,
	0xF4, 0xF4, 0x29, 0x00, 0x00, 0xBC, 0xF4, 0xF4, 0xF4, 0x29, 0x00, 0x00, 0x00, 0x00, 0x00, 0x00,
	0x00, 0x00, 0x00, 0x00, 0x00, 0x00, 0x00, 0x00, 0x00, 0x00, 0x00, 0x00, 0x00, 0x00, 0x00, 0x00,
	0x00, 0xBC, 0xF4, 0xF4, 0x29, 0x00, 0x00, 0x00, 0x00, 0x00, 0x00, 0xBC, 0xF4, 0xF4, 0x29, 0x00,
	0x00, 0x00, 0xBC, 0xF4, 0xF4, 0x29, 0x00, 0x00, 0x00, 0xBC, 0xF4, 0xF4, 0x29, 0x00, 0x00, 0x00,
	0x00, 0x00, 0x00, 0x00, 0x00, 0x00, 0x00, 0x00, 0x00, 0x00, 0x00, 0xBC, 0xF4, 0xF4, 0xF4, 0xF4,
	0x00, 0x00, 0xBC, 0xF4, 0xF4, 0x29, 0x00, 0x00, 0x00, 0xBC, 0xF4, 0xF4, 0x29, 0x00, 0x00, 0x00,
	0x00, 0x00, 0x00, 0x00, 0x00, 0xBC, 0xF4, 0xF4, 0x29, 0x00, 0xBC, 0xF4, 0xF4, 0xF4, 0xF4, 0x29,
	0x00, 0xF4, 0xF4, 0xF4, 0x29, 0x00, 0x00, 0x00, 0x00, 0x00, 0x00, 0x00, 0x00, 0x00, 0xBC, 0xFF,
	0xFF, 0x29, 0x00, 0xBC, 0xF4, 0xF4, 0x29, 0x00, 0x00, 0x00, 0x00, 0x00, 0xBC, 0xF4, 0xF4, 0x29,
	0x00, 0x00, 0x00, 0x00, 0xBC, 0xF4, 0xF4, 0xF4, 0xF4, 0x29, 0x00, 0xBC, 0xF4, 0xF4, 0x29, 0x00,
	0x00, 0x00, 0xBC, 0xF4, 0xF4, 0x29, 0x00, 0x00, 0x00, 0xBC, 0xF4, 0xF4, 0xF4, 0x00, 0x00, 0x00,
	0x00, 0x00, 0x00, 0x00, 0x00, 0x00, 0x00, 0x00, 0x00, 0x00, 0x00, 0x00, 0x00, 0x00, 0x00, 0x00,
	0x00, 0x00, 0x00, 0x00, 0xBC, 0xF4, 0xF4, 0x29, 0x00, 0x00, 0x00, 0x00, 0x00, 0x00, 0xBC, 0xF4,
	0xF4, 0x29, 0x00, 0x00, 0x00, 0xBC, 0xF4, 0xF4, 0x29, 0x00, 0x00, 0x00, 0xBC, 0xF4, 0xF4, 0x29,
	0x00, 0x00, 0x00, 0xBC, 0x00, 0x00, 0x00, 0x00, 0x00, 0x00, 0x00, 0x00, 0x00, 0x00, 0xBC, 0xF4,
	0xF4, 0xBC, 0xF4, 0xF4, 0x00, 0xBC, 0xF4, 0xF4, 0x29, 0x00, 0x00, 0x00, 0xBC, 0xF4, 0xF4, 0x29,
	0x00, 0x00, 0x00, 0xBC, 0x00, 0x00, 0x00, 0x00, 0xBC, 0xF4, 0xF4, 0x29, 0x00, 0xBC, 0xF4, 0x00,
	0xBC, 0xF4, 0x29, 0x00, 0xF4, 0xF4, 0xF4, 0x29, 0x00, 0x00, 0x00, 0x00, 0x00, 0x00, 0x00, 0x00,
	0x00, 0xBC, 0xFF, 0xFF, 0x29, 0xBC, 0xF4, 0xF4, 0x29, 0x00, 0x00, 0x00, 0x00, 0x00, 0x00, 0xBC,
	0xF4, 0xF4, 0x29, 0x00, 0x00, 0x00, 0x00, 0xBC, 0xF4, 0xF4, 0xBC, 0xF4, 0xF4, 0x00, 0xBC, 0xF4,
	0xF4, 0x29, 0x00, 0x00, 0x00, 0xBC, 0xF4, 0xF4, 0x29, 0x00, 0x00, 0x00, 0x00, 0xBC, 0xF4, 0xF4,
	0x00, 0x00, 0x00, 0x00, 0x00, 0x00, 0x00, 0x00, 0x00, 0x00, 0x00, 0x00, 0x00, 0x00, 0x00, 0x00,
	0x00, 0x00, 0x00, 0x00, 0x00, 0x00, 0x00, 0xBC, 0xF4, 0xF4, 0x29, 0x00, 0x00, 0x00, 0x00, 0x00,
	0x00, 0xBC, 0xF4, 0xF4, 0xF4, 0xF4, 0xF4, 0xF4, 0xBC, 0xF4, 0xF4, 0x29, 0x00, 0x00, 0x00, 0xBC,
	0xF4, 0xF4, 0xF4, 0xF4, 0xF4, 0xF4, 0xBC, 0x00, 0x00, 0x00, 0x00, 0x00, 0x00, 0x00, 0x00, 0x00,
	0x00, 0xBC, 0xF4, 0xF4, 0x00, 0xBC, 0xF4, 0x00, 0xBC, 0xF4, 0xF4, 0x29, 0x00, 0x00, 0x00, 0xBC,
	0xF4, 0xF4, 0xF4, 0xF4, 0xF4, 0xF4, 0xBC, 0x00, 0x00, 0x00, 0x00, 0xBC, 0xF4, 0xF4, 0x29, 0x00,
	0xBC, 0xF4, 0x00, 0xBC, 0xF4, 0x29, 0x00, 0xF4, 0xF4, 0xF4, 0x29, 0x00, 0x00, 0x00, 0x00, 0x00,
	0x00, 0x00, 0x00, 0x00, 0xBC, 0xF4, 0xF4, 0xF4, 0xF4, 0xF4, 0x00, 0x00, 0x00, 0x00, 0x00, 0x00,
	0x00, 0x00, 0xBC, 0xF4, 0xF4, 0x29, 0x00, 0x00, 0x00, 0x00, 0xBC, 0xF4, 0xF4, 0x29, 0xBC, 0xF4,
	0x00, 0xBC, 0xF4, 0xF4, 0x29, 0x00, 0x00, 0x00, 0xBC, 0xF4, 0xF4, 0x29, 0x00, 0x00, 0x00, 0x00,
	0xBC, 0xF4, 0xF4, 0x00, 0x00, 0x00, 0x00, 0x00, 0x00, 0x00, 0x00, 0x00, 0x00, 0x00, 0x00, 0x00,
	0x00, 0x00, 0x00, 0x00, 0x00, 0x00, 0x00, 0x00, 0x00, 0x00, 0xBC, 0xF4, 0xF4, 0x29, 0x00, 0x00,
	0x00, 0x00, 0x00, 0x00, 0xBC, 0xF4, 0xF4, 0xF4, 0xF4, 0xF4, 0xF4, 0xBC, 0xF4, 0xF4, 0x29, 0x00,
	0x00, 0x00, 0xBC, 0xF4, 0xF4, 0xF4, 0xF4, 0xF4, 0xF4, 0xBC, 0x00, 0x00, 0x00, 0x00, 0x00, 0x00,
	0x00, 0x00, 0x00, 0x00, 0xBC, 0xF4, 0xF4, 0x00, 0xBC, 0xF4, 0xF4, 0xF4, 0xF4, 0xF4, 0x29, 0x00,
	0x00, 0x00, 0xBC, 0xF4, 0xF4, 0xF4, 0xF4, 0xF4, 0xF4, 0xBC, 0x00, 0x00, 0x00, 0x00, 0x00, 0xBC,
	0xF4, 0x29, 0xBC, 0xF4, 0xF4, 0x00, 0xBC, 0xF4, 0xF4, 0x00, 0xF4, 0xF4, 0x29, 0x00, 0x00, 0x00,
	0x00, 0x00, 0x00, 0x00, 0x00, 0x00, 0x00, 0xBC, 0xF4, 0xF4, 0xF4, 0xF4, 0xF4, 0xF4, 0x29, 0x00,
	0x00, 0x00, 0x00, 0x00, 0x00, 0xBC, 0xF4, 0xF4, 0x29, 0x00, 0x00, 0x00, 0x00, 0xBC, 0xF4, 0xF4,
	0x29, 0xBC, 0xF4, 0xF4, 0xF4, 0xF4, 0xF4, 0x29, 0x00, 0x00, 0x00, 0xBC, 0xF4, 0xF4, 0x29, 0x00,
	0x00, 0x00, 0x00, 0xBC, 0xF4, 0xF4, 0x00, 0x00, 0x00, 0x00, 0x00, 0x00, 0x00, 0x00, 0x00, 0x00,
	0x00, 0x00, 0x00, 0x00, 0x00, 0x00, 0x00, 0x00, 0x00, 0x00, 0x00, 0x00, 0x00, 0xBC, 0xF4, 0xF4,
	0x29, 0x00, 0x00, 0x00, 0x00, 0x00, 0x00, 0xBC, 0xF4, 0xF4, 0x29, 0x29, 0x29, 0x29, 0xBC, 0xF4,
	0xF4, 0x29, 0x00, 0x00, 0x00, 0xBC, 0xF4, 0xF4, 0x29, 0x29, 0x29, 0x29, 0xBC, 0x00, 0x00, 0x00,
	0x00, 0x00, 0x00, 0x00, 0x00, 0x00, 0x00, 0xBC, 0xF4, 0xF4, 0x00, 0x00, 0xBC, 0xF4, 0xF4, 0xF4,
	0xF4, 0x29, 0x00, 0x00, 0x00, 0xBC, 0xF4, 0xF4, 0x29, 0x29, 0x29, 0x29, 0xBC, 0x00, 0x00, 0x00,
	0x00, 0x00, 0xBC, 0xF4, 0xF4, 0xF4, 0xF4, 0x29, 0x00, 0x00, 0xBC, 0xF4, 0xF4, 0xF4, 0xF4, 0x29,
	0x00, 0x00, 0x00, 0x00, 0x00, 0x00, 0x00, 0x00, 0x00, 0x00, 0xBC, 0xF4, 0xF4, 0x29, 0xBC, 0xF4,
	0xF4, 0xF4, 0x29, 0x00, 0x00, 0x00, 0x00, 0x00, 0xBC, 0xF4, 0xF4, 0x29, 0x00, 0x00, 0x00, 0x00,
	0xBC, 0xF4, 0xF4, 0x29, 0x00, 0xBC, 0xF4, 0xF4, 0xF4, 0xF4, 0x29, 0x00, 0x00, 0x00, 0xBC, 0xF4,
	0xF4, 0x29, 0x00, 0x00, 0x00, 0x00, 0xBC, 0xF4, 0xF4, 0x00, 0x00, 0x00, 0x00, 0x00, 0x00, 0x00,
	0x00, 0x00, 0x00, 0x00, 0x00, 0x00, 0x00, 0x00, 0x00, 0x00, 0x00, 0x00, 0x00, 0x00, 0x00, 0x00,
	0xBC, 0xF4, 0xF4, 0x29, 0x00, 0x00, 0x00, 0x00, 0x00, 0x00, 0xBC, 0xF4, 0xF4, 0x29, 0x00, 0x00,
	0x00, 0xBC, 0xF4, 0xF4, 0x29, 0x00, 0x00, 0x00, 0xBC, 0xF4, 0xF4, 0x29, 0x00, 0x00, 0x00, 0x00,
	0x00, 0x00, 0x00, 0x00, 0x00, 0x00, 0x00, 0x00, 0x00, 0x00, 0xBC, 0xF4, 0xF4, 0x00, 0x00, 0xBC,
	0xF4, 0xF4, 0xF4, 0xF4, 0x29, 0x00, 0x00, 0x00, 0xBC, 0xF4, 0xF4, 0x29, 0x00, 0x00, 0x00, 0x00,
	0x00, 0x00, 0x00, 0x00, 0x00, 0xBC, 0xF4, 0xF4, 0xF4, 0xF4, 0x29, 0x00, 0x00, 0xBC, 0xF4, 0xF4,
	0xF4, 0xF4, 0x29, 0x00, 0x00, 0x00, 0x00, 0x00, 0x00, 0x00, 0x00, 0x00, 0x00, 0xBC, 0xF4, 0xF4,
	0x29, 0x00, 0xBC, 0xF4, 0xF4, 0x29, 0x00, 0x00, 0x00, 0x00, 0x00, 0xBC, 0xF4, 0xF4, 0x29, 0x00,
	0x00, 0x00, 0x00, 0xBC, 0xF4, 0xF4, 0x29, 0x00, 0xBC, 0xF4, 0xF4, 0xF4, 0xF4, 0x29, 0x00, 0x00,
	0x00, 0xBC, 0xBC, 0xF4, 0x29, 0x00, 0x00, 0x00, 0xBC, 0xF4, 0xF4, 0xF4, 0x00, 0x00, 0x00, 0x00,
	0x00, 0x00, 0x00, 0x00, 0x00, 0x00, 0x00, 0x00, 0x00, 0x00, 0x00, 0x00, 0x00, 0x00, 0x00, 0x00,
	0x00, 0x00, 0x00, 0xBC, 0xF4, 0xF4, 0x29, 0x00, 0x00, 0x00, 0x00, 0x00, 0x00, 0xBC, 0xF4, 0xF4,
	0x29, 0x00, 0x00, 0x00, 0xBC, 0xF4, 0xF4, 0x29, 0x00, 0x00, 0x00, 0xBC, 0xF4, 0xF4, 0x29, 0x00,
	0x00, 0x00, 0x00, 0x00, 0x00, 0x00, 0x00, 0x00, 0x00, 0x00, 0x00, 0x00, 0x00, 0xBC, 0xF4, 0xF4,
	0x00, 0x00, 0x00, 0xBC, 0xF4, 0xF4, 0xF4, 0x29, 0x00, 0x00, 0x00, 0xBC, 0xF4, 0xF4, 0x29, 0x00,
	0x00, 0x00, 0x00, 0x00, 0x00, 0x00, 0x00, 0x00, 0xBC, 0xF4, 0xF4, 0xF4, 0xF4, 0x29, 0x00, 0x00,
	0xBC, 0xF4, 0xF4, 0xF4, 0xF4, 0x29, 0x00, 0x00, 0x00, 0x00, 0x00, 0x00, 0x00, 0x00, 0x00, 0x00,
	0xBC, 0xF4, 0xF4, 0x29, 0x00, 0x00, 0xBC, 0xF4, 0xF4, 0x29, 0x00, 0x00, 0x00, 0x00, 0xBC, 0xF4,
	0xF4, 0x29, 0x00, 0x00, 0x00, 0x00, 0xBC, 0xF4, 0xF4, 0x29, 0x00, 0x00, 0xBC, 0xF4, 0xF4, 0xF4,
	0x29, 0x00, 0x00, 0x00, 0xBC, 0xBC, 0xF4, 0x29, 0x00, 0x00, 0xBC, 0xF4, 0xF4, 0xF4, 0x29, 0x00,
	0x00, 0x00, 0x00, 0x00, 0x00, 0x00, 0x00, 0x00, 0x00, 0x00, 0x00, 0x00, 0x00, 0x00, 0x00, 0x00,
	0x00, 0x00, 0x00, 0x00, 0x00, 0x00, 0xBC, 0xF4, 0xF4, 0x29, 0x00, 0x00, 0x00, 0x00, 0x00, 0x00,
	0xBC, 0xF4, 0xF4, 0x29, 0x00, 0x00, 0x00, 0xBC, 0xF4, 0xF4, 0x29, 0x00, 0x00, 0x00, 0xBC, 0xF4,
	0xF4, 0xF4, 0xF4, 0xF4, 0xF4, 0xF4, 0xF4, 0x29, 0x00, 0x00, 0x00, 0x00, 0x00, 0x00, 0x00, 0x00,
	0xBC, 0xF4, 0xF4, 0x00, 0x00, 0x00, 0xBC, 0xF4, 0xF4, 0xF4, 0x29, 0x00, 0x00, 0x00, 0xBC, 0xF4,
	0xF4, 0xF4, 0xF4, 0xF4, 0xF4, 0xF4, 0xF4, 0x00, 0x00, 0x00, 0x00, 0x00, 0xBC, 0xF4, 0xF4, 0x29,
	0x00, 0x00, 0x00, 0x00, 0xBC, 0xF4, 0xF4, 0x29, 0x00, 0x00, 0x00, 0x00, 0x00, 0x00, 0x00, 0x00,
	0x00, 0x00, 0x00, 0xBC, 0xF4, 0xF4, 0x29, 0x00, 0x00, 0x00, 0xBC, 0xF4, 0xF4, 0x29, 0x00, 0xBC,
	0xF4, 0xF4, 0xF4, 0xF4, 0xF4, 0xF4, 0x29, 0x00, 0x00, 0xBC, 0xF4, 0xF4, 0x29, 0x00, 0x00, 0xBC,
	0xF4, 0xF4, 0xF4, 0x29, 0x00, 0x00, 0x00, 0xBC, 0xBC, 0xF4, 0xF4, 0xF4, 0xF4, 0xF4, 0xF4, 0xF4,
	0x29, 0x00, 0x00, 0x00, 0x00, 0x00, 0x00, 0x00, 0x00, 0x00, 0x00, 0x00, 0x00, 0x00, 0x00, 0x00,
	0x00, 0x00, 0x00, 0x00, 0x00, 0x00, 0x00, 0x00, 0xBC, 0xBC, 0xF4, 0xF4, 0xBC, 0x29, 0x00, 0x00,
	0x00, 0x00, 0x00, 0xBC, 0xF4, 0xF4, 0x29, 0x00, 0x00, 0x00, 0xBC, 0xF4, 0xF4, 0x29, 0x00, 0x00,
	0xBC, 0xBC, 0xF4, 0xF4, 0xF4, 0xF4, 0xF4, 0xF4, 0xF4, 0xF4, 0x29, 0x00, 0x00, 0x00, 0x00, 0x00,
	0x00, 0x00, 0x00, 0xBC, 0xF4, 0xF4, 0x00, 0x00, 0x00, 0x00, 0xBC, 0xF4, 0xF4, 0x29, 0x00, 0x00,
	0xBC, 0xBC, 0xF4, 0xF4, 0xF4, 0xF4, 0xF4, 0xF4, 0xF4, 0xF4, 0x00, 0x00, 0x00, 0x00, 0x00, 0xBC,
	0xF4, 0xF4, 0x29, 0x00, 0x00, 0x00, 0x00, 0xBC, 0xF4, 0xF4, 0x29, 0x00, 0x00, 0x00, 0x00, 0x00,
	0x00, 0x00, 0x00, 0x00, 0x00, 0xBC, 0xBC, 0xF4, 0xF4, 0x29, 0x00, 0x00, 0x00, 0xBC, 0xF4, 0xF4,
	0xF4, 0x00, 0xBC, 0xF4, 0xF4, 0xF4, 0xF4, 0xF4, 0xF4, 0x29, 0x00, 0x00, 0xBC, 0xF4, 0xF4, 0x29,
	0x00, 0x00, 0x00, 0xBC, 0xF4, 0xF4, 0x29, 0x00, 0x00, 0x00, 0xBC, 0xF4, 0xF4, 0xF4, 0xF4, 0xF4,
	0xF4, 0x29, 0x00, 0x00, 0x00, 0x00, 0x00, 0x00, 0x00, 0x00, 0x00, 0x00, 0x00, 0x00, 0x00,
};

/* [6] frontv.sprite (81x12) */
static const uint8_t frontv_pixels[] = {
	0xFF, 0xFF, 0xFF, 0xFF, 0xFF, 0xFF, 0xFF, 0xFF, 0x00, 0x00, 0x00, 0x00, 0x00, 0x00, 0x00, 0x00,
	0x00, 0x00, 0x00, 0x00, 0x00, 0x00, 0x00, 0x00, 0x00, 0x00, 0x00, 0x00, 0x00, 0x00, 0x00, 0x00,
	0x00, 0x00, 0x00, 0x00, 0x00, 0xFF, 0x00, 0x00, 0x00, 0x00, 0x00, 0x00, 0xFF, 0xFF, 0x00, 0x00,
	0x00, 0x00, 0x00, 0x00, 0x00, 0xFF, 0xFF, 0x00, 0xFF, 0xFF, 0x00, 0x00, 0x00, 0x00, 0x00, 0x00,
	0x00, 0x00, 0x00, 0x00, 0x00, 0x00, 0x00, 0x00, 0x00, 0x00, 0x00, 0x00, 0x00, 0x00, 0x00, 0x00,
	0x00, 0xFF, 0xFF, 0xFF, 0xFF, 0xFF, 0xFF, 0xFF, 0xFF, 0x00, 0x00, 0x00, 0x00, 0x00, 0x00, 0x00,
	0x00, 0x00, 0x00, 0x00, 0x00, 0x00, 0x00, 0x00, 0x00, 0x00, 0x00, 0x00, 0x00, 0x00, 0x00, 0x00,
	0x00, 0x00, 0x00, 0x00, 0x00, 0xFF, 0xFF, 0x00, 0x00, 0x00, 0x00, 0x00, 0x00, 0xFF, 0xFF, 0x00,
	0x00, 0x00, 0x00, 0x00, 0x00, 0x00, 0xFF, 0xFF, 0x00, 0xFF, 0xFF, 0x00, 0x00, 0x00, 0x00, 0x00,
	0x00, 0x00, 0x00, 0x00, 0x00, 0x00, 0x00, 0x00, 0x00, 0x00, 0x00, 0x00, 0x00, 0x00, 0x00, 0x00,
	0x00, 0x00, 0xFF, 0xFF, 0x00, 0x00, 0x00, 0x00, 0x00, 0x00, 0x00, 0x00, 0x00, 0x00, 0x00, 0x00,
	0x00, 0x00, 0x00, 0x00, 0x00, 0x00, 0x00, 0x00, 0x00, 0x00, 0x00, 0x00, 0x00, 0x00, 0x00, 0x00,
	0x00, 0x00, 0x00, 0x00, 0x00, 0x00, 0xFF, 0xFF, 0x00, 0x00, 0x00, 0x00, 0x00, 0x00, 0x00, 0xFF,
	0xFF, 0x00, 0x00, 0x00, 0x00, 0x00, 0xFF, 0xFF, 0x00, 0x00, 0x00, 0x00, 0x00, 0x00, 0x00, 0x00,
	0x00, 0x00, 0x00, 0x00, 0x00, 0x00, 0x00, 0x00, 0x00, 0x00, 0x00, 0x00, 0x00, 0x00, 0x00, 0x00,
	0x00, 0x00, 0x00, 0xFF, 0xFF, 0x00, 0x00, 0x00, 0x00, 0x00, 0x00, 0x00, 0x00, 0xFF, 0xFF, 0x00,
	0xFF, 0xFF, 0x00, 0x00, 0x00, 0xFF, 0xFF, 0xFF, 0xFF, 0x00, 0x00, 0x00, 0x00, 0xFF, 0xFF, 0x00,
	0xFF, 0xFF, 0xFF, 0xFF, 0x00, 0x00, 0xFF, 0xFF, 0xFF, 0xFF, 0xFF, 0x00, 0x00, 0x00, 0x00, 0x00,
	0xFF, 0xFF, 0x00, 0x00, 0x00, 0x00, 0x00, 0xFF, 0xFF, 0x00, 0x00, 0xFF, 0xFF, 0x00, 0x00, 0x00,
	0x00, 0xFF, 0xFF, 0xFF, 0x00, 0x00, 0x00, 0xFF, 0xFF, 0x00, 0x00, 0x00, 0xFF, 0xFF, 0xFF, 0x00,
	0x00, 0x00, 0xFF, 0xFF, 0xFF, 0xFF, 0x00, 0x00, 0x00, 0x00, 0x00, 0x00, 0x00, 0x00, 0xFF, 0xFF,
	0xFF, 0xFF, 0xFF, 0x00, 0x00, 0xFF, 0xFF, 0xFF, 0xFF, 0xFF, 0xFF, 0x00, 0x00, 0x00, 0xFF, 0xFF,
	0xFF, 0xFF, 0xFF, 0xFF, 0xFF, 0xFF, 0x00, 0xFF, 0xFF, 0xFF, 0xFF, 0xFF, 0x00, 0x00, 0x00, 0x00,
	0x00, 0x00, 0xFF, 0xFF, 0x00, 0x00, 0x00, 0xFF, 0xFF, 0x00, 0x00, 0x00, 0xFF, 0xFF, 0x00, 0x00,
	0x00, 0xFF, 0xFF, 0xFF, 0xFF, 0xFF, 0x00, 0x00, 0xFF, 0xFF, 0x00, 0x00, 0x00, 0xFF, 0xFF, 0xFF,
	0x00, 0x00, 0x00, 0xFF, 0xFF, 0xFF, 0xFF, 0xFF, 0xFF, 0xFF, 0xFF, 0xFF, 0x00, 0x00, 0x00, 0xFF,
	0xFF, 0xFF, 0x00, 0x00, 0x00, 0xFF, 0xFF, 0xFF, 0x00, 0x00, 0xFF, 0xFF, 0xFF, 0x00, 0x00, 0xFF,
	0xFF, 0xFF, 0x00, 0x00, 0x00, 0xFF, 0xFF, 0x00, 0x00, 0xFF, 0xFF, 0x00, 0x00, 0x00, 0x00, 0x00,
	0x00, 0x00, 0x00, 0xFF, 0xFF, 0x00, 0x00, 0x00, 0xFF, 0xFF, 0x00, 0x00, 0x00, 0xFF, 0xFF, 0x00,
	0x00, 0xFF, 0xFF, 0x00, 0x00, 0x00, 0xFF, 0xFF, 0x00, 0x00, 0xFF, 0xFF, 0x00, 0x00, 0xFF, 0xFF,
	0xFF, 0x00, 0x00, 0xFF, 0xFF, 0x00, 0xFF, 0xFF, 0xFF, 0xFF, 0xFF, 0xFF, 0xFF, 0x00, 0x00, 0x00,
	0xFF, 0xFF, 0x00, 0x00, 0x00, 0x00, 0xFF, 0xFF, 0x00, 0x00, 0x00, 0x00, 0xFF, 0xFF, 0x00, 0x00,
	0xFF, 0xFF, 0x00, 0x00, 0x00, 0x00, 0xFF, 0xFF, 0x00, 0x00, 0xFF, 0xFF, 0x00, 0x00, 0x00, 0x00,
	0x00, 0x00, 0x00, 0x00, 0xFF, 0xFF, 0x00, 0x00, 0x00, 0xFF, 0xFF, 0x00, 0x00, 0x00, 0xFF, 0xFF,
	0x00, 0x00, 0xFF, 0xFF, 0xFF, 0xFF, 0xFF, 0xFF, 0xFF, 0x00, 0x00, 0xFF, 0xFF, 0x00, 0xFF, 0xFF,
	0x00, 0xFF, 0xFF, 0x00, 0xFF, 0xFF, 0x00, 0xFF, 0xFF, 0x00, 0x00, 0x00, 0x00, 0x00, 0x00, 0x00,
	0x00, 0xFF, 0xFF, 0x00, 0x00, 0x00, 0x00, 0xFF, 0xFF, 0x00, 0x00, 0x00, 0x00, 0xFF, 0xFF, 0x00,
	0x00, 0xFF, 0xFF, 0x00, 0x00, 0x00, 0x00, 0xFF, 0xFF, 0x00, 0x00, 0xFF, 0xFF, 0x00, 0x00, 0x00,
	0x00, 0x00, 0x00, 0x00, 0x00, 0x00, 0xFF, 0xFF, 0x00, 0xFF, 0xFF, 0x00, 0x00, 0x00, 0x00, 0xFF,
	0xFF, 0x00, 0x00, 0xFF, 0xFF, 0xFF, 0xFF, 0xFF, 0xFF, 0xFF, 0x00, 0x00, 0xFF, 0xFF, 0x00, 0xFF,
	0xFF, 0x00, 0xFF, 0xFF, 0x00, 0xFF, 0xFF, 0x00, 0xFF, 0xFF, 0x00, 0x00, 0x00, 0x00, 0x00, 0x00,
	0x00, 0x00, 0xFF, 0xFF, 0x00, 0x00, 0x00, 0x00, 0xFF, 0xFF, 0x00, 0x00, 0x00, 0x00, 0xFF, 0xFF,
	0x00, 0x00, 0xFF, 0xFF, 0x00, 0x00, 0x00, 0x00, 0xFF, 0xFF, 0x00, 0x00, 0xFF, 0xFF, 0x00, 0x00,
	0x00, 0x00, 0x00, 0x00, 0x00, 0x00, 0x00, 0xFF, 0xFF, 0x00, 0xFF, 0xFF, 0x00, 0x00, 0x00, 0x00,
	0xFF, 0xFF, 0x00, 0x00, 0xFF, 0xFF, 0x00, 0x00, 0x00, 0x00, 0x00, 0x00, 0x00, 0xFF, 0xFF, 0x00,
	0xFF, 0xFF, 0x00, 0xFF, 0xFF, 0x00, 0xFF, 0xFF, 0x00, 0xFF, 0xFF, 0x00, 0x00, 0x00, 0x00, 0x00,
	0x00, 0x00, 0x00, 0xFF, 0xFF, 0x00, 0x00, 0x00, 0x00, 0xFF, 0xFF, 0xFF, 0x00, 0x00, 0xFF, 0xFF,
	0xFF, 0x00, 0x00, 0xFF, 0xFF, 0x00, 0x00, 0x00, 0x00, 0xFF, 0xFF, 0x00, 0x00, 0xFF, 0xFF, 0x00,
	0x00, 0x00, 0x00, 0x00, 0x00, 0x00, 0x00, 0x00, 0x00, 0xFF, 0xFF, 0xFF, 0x00, 0x00, 0x00, 0x00,
	0x00, 0xFF, 0xFF, 0x00, 0x00, 0xFF, 0xFF, 0xFF, 0x00, 0x00, 0xFF, 0xFF, 0x00, 0x00, 0x00, 0xFF,
	0xFF, 0xFF, 0x00, 0x00, 0x00, 0xFF, 0xFF, 0xFF, 0x00, 0x00, 0xFF, 0xFF, 0x00, 0x00, 0x00, 0x00,
	0x00, 0x00, 0x00, 0x00, 0xFF, 0xFF, 0x00, 0x00, 0x00, 0x00, 0x00, 0xFF, 0xFF, 0xFF, 0xFF, 0xFF,
	0xFF, 0x00, 0x00, 0x00, 0xFF, 0xFF, 0x00, 0x00, 0x00, 0x00, 0xFF, 0xFF, 0x00, 0x00, 0xFF, 0xFF,
	0xFF, 0xFF, 0x00, 0x00, 0x00, 0x00, 0x00, 0x00, 0x00, 0x00, 0xFF, 0xFF, 0xFF, 0x00, 0x00, 0x00,
	0x00, 0x00, 0xFF, 0xFF, 0x00, 0x00, 0x00, 0xFF, 0xFF, 0xFF, 0xFF, 0xFF, 0x00, 0x00, 0x00, 0x00,
	0xFF, 0xFF, 0xFF, 0x00, 0x00, 0x00, 0xFF, 0xFF, 0xFF, 0x00, 0x00, 0xFF, 0xFF, 0x00, 0x00, 0x00,
	0x00, 0x00, 0x00, 0x00, 0x00, 0xFF, 0xFF, 0x00, 0x00, 0x00, 0x00, 0x00, 0x00, 0xFF, 0xFF, 0xFF,
	0xFF, 0x00, 0x00, 0x00, 0x00, 0xFF, 0xFF, 0x00, 0x00, 0x00, 0x00, 0xFF, 0xFF, 0x00, 0x00, 0x00,
	0xFF, 0xFF, 0xFF, 0x00, 0x00, 0x00, 0x00, 0x00, 0x00, 0x00, 0x00, 0xFF, 0xFF, 0xFF, 0x00, 0x00,
	0x00, 0x00, 0x00, 0xFF, 0xFF, 0x00, 0x00, 0x00, 0x00, 0xFF, 0xFF, 0xFF, 0x00, 0x00, 0x00, 0x00,
	0x00, 0xFF, 0xFF, 0xFF, 0x00, 0x00, 0x00, 0xFF, 0xFF, 0xFF, 0x00, 0x00,
};

/* [7] grndot.sprite (10x10) */
static const uint8_t grndot_pixels[] = {
	0x00, 0x00, 0x00, 0x0D, 0x0D, 0x0D, 0x0D, 0x00, 0x00, 0x00, 0x00, 0x00, 0x0D, 0x11, 0x1A, 0x1A,
	0x1A, 0x0D, 0x00, 0x00, 0x00, 0x0D, 0x11, 0x11, 0x1A, 0x1A, 0x28, 0x28, 0x0D, 0x00, 0x0D, 0x11,
	0x11, 0x11, 0x1A, 0x1A, 0x28, 0x28, 0x1A, 0x0D, 0x0D, 0x11, 0x11, 0x11, 0x1A, 0x1A, 0x1A, 0x1A,
	0x1A, 0x0D, 0x0D, 0x11, 0x11, 0x11, 0x11, 0x1A, 0x1A, 0x1A, 0x1A, 0x0D, 0x0D, 0x11, 0x11, 0x11,
	0x11, 0x11, 0x11, 0x11, 0x11, 0x0D, 0x00, 0x0D, 0x11, 0x11, 0x11, 0x11, 0x11, 0x11, 0x0D, 0x00,
	0x00, 0x00, 0x0D, 0x11, 0x11, 0x11, 0x11, 0x0D, 0x00, 0x00, 0x00, 0x00, 0x00, 0x0D, 0x0D, 0x0D,
	0x0D, 0x00, 0x00, 0x00,
};

/* [8] missile_g.sprite (12x10) */
static const uint8_t missile_g_pixels[] = {
	0x4E, 0x4E, 0x4E, 0x4E, 0x4E, 0x4E, 0x4E, 0x4E, 0x4E, 0x4E, 0x4E, 0x4E, 0x4E, 0x4E, 0x4E, 0x4E,
	0x4E, 0x4E, 0x4E, 0x4E, 0x4E, 0x4E, 0x4E, 0x4E, 0x4E, 0x4E, 0x4E, 0x4E, 0x4E, 0x4E, 0x4E, 0x4E,
	0x4E, 0x4E, 0x4E, 0x4E, 0x4E, 0x4E, 0x4E, 0x4E, 0x4E, 0x4E, 0x4E, 0x4E, 0x4E, 0x4E, 0x4E, 0x4E,
	0x4E, 0x4E, 0x4E, 0x4E, 0x4E, 0x4E, 0x4E, 0x4E, 0x4E, 0x4E, 0x4E, 0x4E, 0x4E, 0x4E, 0x4E, 0x4E,
	0x4E, 0x4E, 0x4E, 0x4E, 0x4E, 0x4E, 0x4E, 0x4E, 0x4E, 0x4E, 0x4E, 0x4E, 0x4E, 0x4E, 0x4E, 0x4E,
	0x4E, 0x4E, 0x4E, 0x4E, 0x4E, 0x4E, 0x4E, 0x4E, 0x4E, 0x4E, 0x4E, 0x4E, 0x4E, 0x4E, 0x4E, 0x4E,
	0x4E, 0x4E, 0x4E, 0x4E, 0x4E, 0x4E, 0x4E, 0x4E, 0x4E, 0x4E, 0x4E, 0x4E, 0x4E, 0x4E, 0x4E, 0x4E,
	0x4E, 0x4E, 0x4E, 0x4E, 0x4E, 0x4E, 0x4E, 0x4E,
};

/* [9] missile_r.sprite (12x10) */
static const uint8_t missile_r_pixels[] = {
	0xF9, 0xF9, 0xF9, 0xF9, 0xF9, 0xF9, 0xF9, 0xF9, 0xF9, 0xF9, 0xF9, 0xF9, 0xF9, 0xF9, 0xF9, 0xF9,
	0xF9, 0xF9, 0xF9, 0xF9, 0xF9, 0xF9, 0xF9, 0xF9, 0xF9, 0xF9, 0xF9, 0x00, 0x00, 0x00, 0x00, 0x00,
	0x00, 0xF9, 0xF9, 0xF9, 0xF9, 0xF9, 0xF9, 0xF9, 0xF9, 0x00, 0x00, 0xF9, 0xF9, 0xF9, 0xF9, 0xF9,
	0xF9, 0xF9, 0xF9, 0xF9, 0xF9, 0x00, 0x00, 0xF9, 0xF9, 0xF9, 0xF9, 0xF9, 0xF9, 0xF9, 0xF9, 0xF9,
	0xF9, 0x00, 0x00, 0xF9, 0xF9, 0xF9, 0xF9, 0xF9, 0xF9, 0xF9, 0xF9, 0xF9, 0xF9, 0x00, 0x00, 0xF9,
	0xF9, 0xF9, 0xF9, 0xF9, 0xF9, 0xF9, 0xF9, 0xF9, 0xF9, 0x00, 0x00, 0xF9, 0xF9, 0xF9, 0xF9, 0xF9,
	0xF9, 0xF9, 0xF9, 0xF9, 0xF9, 0xF9, 0xF9, 0xF9, 0xF9, 0xF9, 0xF9, 0xF9, 0xF9, 0xF9, 0xF9, 0xF9,
	0xF9, 0xF9, 0xF9, 0xF9, 0xF9, 0xF9, 0xF9, 0xF9,
};

/* [10] missile_y.sprite (12x10) */
static const uint8_t missile_y_pixels[] = {
	0xFB, 0xFB, 0xFB, 0xFB, 0xFB, 0xFB, 0xFB, 0xFB, 0xFB, 0xFB, 0xFB, 0xFB, 0xFB, 0xFB, 0xFB, 0xFB,
	0xFB, 0xFB, 0xFB, 0xFB, 0xFB, 0xFB, 0xFB, 0xFB, 0xFB, 0xFB, 0xFB, 0xFB, 0xFB, 0xFB, 0xFB, 0xFB,
	0xFB, 0xFB, 0xFB, 0xFB, 0xFB, 0xFB, 0xFB, 0xFB, 0x00, 0x00, 0x00, 0x00, 0xFB, 0xFB, 0xFB, 0xFB,
	0xFB, 0xFB, 0xFB, 0xFB, 0x00, 0x00, 0x00, 0x00, 0xFB, 0xFB, 0xFB, 0xFB, 0xFB, 0xFB, 0xFB, 0xFB,
	0x00, 0x00, 0x00, 0x00, 0xFB, 0xFB, 0xFB, 0xFB, 0xFB, 0xFB, 0xFB, 0xFB, 0x00, 0x00, 0x00, 0x00,
	0xFB, 0xFB, 0xFB, 0xFB, 0xFB, 0xFB, 0xFB, 0xFB, 0xFB, 0xFB, 0xFB, 0xFB, 0xFB, 0xFB, 0xFB, 0xFB,
	0xFB, 0xFB, 0xFB, 0xFB, 0xFB, 0xFB, 0xFB, 0xFB, 0xFB, 0xFB, 0xFB, 0xFB, 0xFB, 0xFB, 0xFB, 0xFB,
	0xFB, 0xFB, 0xFB, 0xFB, 0xFB, 0xFB, 0xFB, 0xFB,
};

/* [11] reddot.sprite (10x10) */
static const uint8_t reddot_pixels[] = {
	0x00, 0x00, 0x00, 0x44, 0x44, 0x44, 0x44, 0x00, 0x00, 0x00, 0x00, 0x00, 0x44, 0x1C, 0x40, 0x40,
	0x40, 0x44, 0x00, 0x00, 0x00, 0x44, 0x1C, 0x1C, 0x40, 0x40, 0x28, 0x28, 0x44, 0x00, 0x44, 0x1C,
	0x1C, 0x1C, 0x40, 0x40, 0x28, 0x28, 0x40, 0x44, 0x44, 0x1C, 0x1C, 0x1C, 0x40, 0x40, 0x40, 0x40,
	0x40, 0x44, 0x44, 0x1C, 0x1C, 0x1C, 0x1C, 0x40, 0x40, 0x40, 0x40, 0x44, 0x44, 0x1C, 0x1C, 0x1C,
	0x1C, 0x1C, 0x1C, 0x1C, 0x1C, 0x44, 0x00, 0x44, 0x1C, 0x1C, 0x1C, 0x1C, 0x1C, 0x1C, 0x44, 0x00,
	0x00, 0x00, 0x44, 0x1C, 0x1C, 0x1C, 0x1C, 0x44, 0x00, 0x00, 0x00, 0x00, 0x00, 0x44, 0x44, 0x44,
	0x44, 0x00, 0x00, 0x00,
};

/* [12] safe.sprite (12x16) */
static const uint8_t safe_pixels[] = {
	0xFF, 0xFF, 0xFF, 0xFF, 0xFF, 0xFF, 0xFF, 0xFF, 0xFF, 0xFF, 0xFF, 0xFF, 0xFF, 0xFF, 0xFF, 0xFF,
	0xFF, 0xFF, 0xFF, 0xFF, 0xFF, 0xFF, 0xFF, 0xFF, 0xFF, 0xFF, 0xFF, 0xFF, 0xFF, 0xFF, 0xFF, 0xFF,
	0xFF, 0xFF, 0xFF, 0xFF, 0xFF, 0xFF, 0xFF, 0xFF, 0xFF, 0xFF, 0xFF, 0xFF, 0xFF, 0xFF, 0xFF, 0xFF,
	0xFF, 0xFF, 0xFF, 0xFF, 0x00, 0x00, 0x00, 0x00, 0x00, 0x00, 0x00, 0x00, 0xFF, 0xFF, 0xFF, 0xFF,
	0x00, 0x00, 0x00, 0x00, 0x00, 0x00, 0x00, 0x00, 0xFF, 0xFF, 0xFF, 0xFF, 0xFF, 0xFF, 0xFF, 0xFF,
	0xFF, 0xFF, 0xFF, 0xFF, 0xFF, 0xFF, 0xFF, 0xFF, 0xFF, 0xFF, 0xFF, 0xFF, 0xFF, 0xFF, 0xFF, 0xFF,
	0xFF, 0xFF, 0xFF, 0xFF, 0xFF, 0xFF, 0xFF, 0xFF, 0xFF, 0xFF, 0xFF, 0xFF, 0xFF, 0xFF, 0xFF, 0xFF,
	0xFF, 0xFF, 0xFF, 0xFF, 0xFF, 0xFF, 0xFF, 0xFF, 0x00, 0x00, 0x00, 0x00, 0x00, 0x00, 0x00, 0x00,
	0xFF, 0xFF, 0xFF, 0xFF, 0x00, 0x00, 0x00, 0x00, 0x00, 0x00, 0x00, 0x00, 0xFF, 0xFF, 0xFF, 0xFF,
	0xFF, 0xFF, 0xFF, 0xFF, 0xFF, 0xFF, 0xFF, 0xFF, 0xFF, 0xFF, 0xFF, 0xFF, 0xFF, 0xFF, 0xFF, 0xFF,
	0xFF, 0xFF, 0xFF, 0xFF, 0xFF, 0xFF, 0xFF, 0xFF, 0xFF, 0xFF, 0xFF, 0xFF, 0xFF, 0xFF, 0xFF, 0xFF,
	0xFF, 0xFF, 0xFF, 0xFF, 0xFF, 0xFF, 0xFF, 0xFF, 0xFF, 0xFF, 0xFF, 0xFF, 0xFF, 0xFF, 0xFF, 0xFF,
};

/* Sprite pixel data pointers, indexed by alg_data.h constants */
const uint8_t * const n64_sprite_data[14] = {
	blake_pixels,  /* [0] */
	0,  /* [1] unused */
	ecm_pixels,  /* [2] */
	0,  /* [3] unused */
	0,  /* [4] unused */
	elitetxt_pixels,  /* [5] */
	frontv_pixels,  /* [6] */
	grndot_pixels,  /* [7] */
	missile_g_pixels,  /* [8] */
	missile_r_pixels,  /* [9] */
	missile_y_pixels,  /* [10] */
	reddot_pixels,  /* [11] */
	safe_pixels,  /* [12] */
	0,  /* [13] unused */
};

const int n64_sprite_widths[14] = {
	98,  /* [0] */
	0,  /* [1] unused */
	12,  /* [2] */
	0,  /* [3] unused */
	0,  /* [4] unused */
	163,  /* [5] */
	81,  /* [6] */
	10,  /* [7] */
	12,  /* [8] */
	12,  /* [9] */
	12,  /* [10] */
	10,  /* [11] */
	12,  /* [12] */
	0,  /* [13] unused */
};

const int n64_sprite_heights[14] = {
	130,  /* [0] */
	0,  /* [1] unused */
	16,  /* [2] */
	0,  /* [3] unused */
	0,  /* [4] unused */
	37,  /* [5] */
	12,  /* [6] */
	10,  /* [7] */
	10,  /* [8] */
	10,  /* [9] */
	10,  /* [10] */
	10,  /* [11] */
	16,  /* [12] */
	0,  /* [13] unused */
};

